{"current":{"color--accent":"#373795","color-text":"#212121","color--alternative":"#ffffff","color-page-bg":"#ffffff","color-panel-bg":"#fcfbfc","color-border":"#e0e0e0","color-button":"#ffffff","color-button-bg":"#212121","color-header-bg":"#ffffff","color-header":"#272727","color-header-cart":"#272727","bg-color--footer":"#373795","color--footer":"#212121","color-slider-caption":"#212121","color-slider-caption-bg":"#ffffff","color-slider-button":"#ffffff","color-slider-button-bg":"#212121","color-slider-nav":"#212121","color-tabs-accordions":"#f7f7f7","typography--heading":"montserrat_n4","typography--heading--uppercase":false,"typography--heading--size":"large","typography--accent":"montserrat_n4","typography--paragraph":"montserrat_n4","typography--paragraph--size":"medium","sections":{"header":{"type":"header","settings":{"transparent-menu":false,"header-account-show":true,"cart--icon":"text","header-menu-center":true,"menu":"main-menu","show-currency-selector":true,"show-locale-selector":true,"header-logo-center":true,"logo-height":35}},"framework--footer":{"type":"framework--footer","blocks":{"footer--subscribe":{"type":"subscribe","settings":{"newsletter--heading":"Subscribe","newsletter--info":"<p>Sign up to our emails for offers and new product alerts<\/p>","subscribe--show-newsletter":true}}},"block_order":["footer--subscribe"],"settings":{"show-currency-selector":true,"show-locale-selector":true,"show-payment-icons":true}},"product":{"type":"product","settings":{"product-breadcrumbs-show":true,"variant-style":"dropdowns","swatches-enabled":true,"smart-payment-button":true,"product-unavailable-form-show":true,"low-in-stock-amount":0,"image-zoom-enabled":true,"loop-enabled":false,"cart-form-position":"left","product-size-chart-enabled":false,"product-size-chart-option":"size","product-size-chart-page-content":"","product-share-show":true,"product-share-twitter":true,"product-share-facebook":true,"product-share-pinterest":true}},"collection":{"type":"collection","settings":{"collections-breadcrumbs-show":true,"collections-tags-show":true,"show-title":false,"collections-products-per-row":"3","mobile-items-per-row":"1"}},"announcement":{"type":"announcement","settings":{"enabled":true,"home-page-only":true,"background-color":"accent","alternative-color":false,"text":"Add your announcement message"}},"161604203046426749":{"type":"index-mp4","settings":{"videofile":"https:\/\/cdn.shopify.com\/s\/files\/1\/0554\/5122\/2212\/files\/Website_HomePage_1920x748.mp4?v=1616040197","height":"use_image","title":"Be Anywhere.","description":"Blend Everywhere.","text_align":"align--middle-center","overlay_opacity":0,"color":"palette--contrast--dark","link_text":"","button_style":"btn--outline"}},"1616047783b92c3a7f":{"type":"index-canvas-banner","settings":{"height":"use_screen_full","mainTitle":"SPRING SALE","subTitle":"FREE JETPACK SMOOTHIES","description1":"WITH EACH BLENDJET","description2":"DISCOUNT APPLIED AT CHECKOUT","text_align":"align--top-left","overlay_opacity":15,"color":"palette--contrast--dark","link_text":"","button_style":"btn--outline"}},"16160556151b39625e":{"type":"image-marquee","settings":{"imagefile1":"https:\/\/cdn.shopify.com\/s\/files\/1\/0554\/5122\/2212\/files\/Yahoo-News.png?v=1616040149","imagefile2":"https:\/\/cdn.shopify.com\/s\/files\/1\/0554\/5122\/2212\/files\/Wired.png?v=1616040149","imagefile3":"https:\/\/cdn.shopify.com\/s\/files\/1\/0554\/5122\/2212\/files\/Today.png?v=1616040149","imagefile4":"https:\/\/cdn.shopify.com\/s\/files\/1\/0554\/5122\/2212\/files\/The-Doctors.png?v=1616040149","imagefile5":"https:\/\/cdn.shopify.com\/s\/files\/1\/0554\/5122\/2212\/files\/Silicon-Valley.png?v=1616040149","imagefile6":"https:\/\/cdn.shopify.com\/s\/files\/1\/0554\/5122\/2212\/files\/New-York.png?v=1616040149","imagefile7":"https:\/\/cdn.shopify.com\/s\/files\/1\/0554\/5122\/2212\/files\/Martha-Stewart-Living.png?v=1616040149","imagefile8":"https:\/\/cdn.shopify.com\/s\/files\/1\/0554\/5122\/2212\/files\/Kelly-Clarkson-Show.png?v=1616040149","imagefile9":"https:\/\/cdn.shopify.com\/s\/files\/1\/0554\/5122\/2212\/files\/Health.png?v=1616040149","imagefile10":"https:\/\/cdn.shopify.com\/s\/files\/1\/0554\/5122\/2212\/files\/HBO.png?v=1616040149","imagefile11":"https:\/\/cdn.shopify.com\/s\/files\/1\/0554\/5122\/2212\/files\/Good-Housekeeping.png?v=1616040149","imagefile12":"https:\/\/cdn.shopify.com\/s\/files\/1\/0554\/5122\/2212\/files\/Ellen.png?v=1616040149","imagefile13":"https:\/\/cdn.shopify.com\/s\/files\/1\/0554\/5122\/2212\/files\/delish.png?v=1616040149","imagefile14":"https:\/\/cdn.shopify.com\/s\/files\/1\/0554\/5122\/2212\/files\/Cosmopolitan.png?v=1616040149","imagefile15":"https:\/\/cdn.shopify.com\/s\/files\/1\/0554\/5122\/2212\/files\/Boston-Globe.png?v=1616040149"}},"161609511687671c60":{"type":"index-intro","settings":{"full-width":false,"background-color":"accent","text-position":"right","text-width":"large","overlap":false,"transparent-overlap":false,"alternative-color":true,"mobile-overlay":true,"image":"shopify:\/\/shop_images\/3.jpg","image-height":"large","parallax-enabled":false,"apply-overlay":false,"title":"PORTABLE","description":"Perfect for jetting around town. Lightweight & durably constructed. Stash it in your bag & drink straight from the jar.","title2":"POWERFUL","description2":"Big blender performance, compact size. Patented TurboJet™ technology powers through anything in 20 seconds flat: ice, frozen fruit, leafy greens & more.","title3":"USB-RECHARGEABLE","description3":"Lasts for 15+ blends & recharges quickly. Water-resistant USB-C charging port. Reversible cable included.","title4":"SELF-CLEANING","description4":"Just add water, soap & blend. Rinse and you’re ready to go! The BlendJet 2 portable blender is the world’s most convenient blender.","link-url":"shopify:\/\/products\/blender","link-text":"Get Yours Now"}},"1616127165371bd61e":{"type":"text-marquee","settings":{"marquee--text":"FREE SHIPPING"}},"161613107165ff7c32":{"type":"index-intro2","settings":{"full-width":true,"background-color":"none","text-position":"left","text-width":"large","overlap":false,"transparent-overlap":false,"alternative-color":false,"mobile-overlay":true,"image":"shopify:\/\/shop_images\/4.jpg","image-height":"medium","parallax-enabled":false,"apply-overlay":false,"title":"NEVER. ENDING. BLENDING.","description":"<p>Smoothies<\/p><p>Shakes<\/p><p>Cocktails<\/p><p>Dips<\/p><p>Mousse<\/p><p>Dressings<\/p><p>Juices<\/p><p>Pasta Sauce<\/p><p>Toppings<\/p><p>Desserts<\/p><p><\/p>","link-url":"shopify:\/\/products\/blender","link-text":"Explore"}},"1616142698d693dc3d":{"type":"judgeme_carousel_section","settings":{"maxwidth":1920}}},"content_for_index":["161604203046426749","1616047783b92c3a7f","16160556151b39625e","161609511687671c60","1616127165371bd61e","161613107165ff7c32","1616142698d693dc3d"]},"presets":{"Beauty":{"color--accent":"#ffd7d7","color-text":"#212121","color--alternative":"#ffffff","color-page-bg":"#ffffff","color-panel-bg":"#fcfbfc","color-border":"#e0e0e0","color-button":"#ffffff","color-button-bg":"#212121","color-header-bg":"#ffeff0","color-header":"#212121","color-header-cart":"#272727","bg-color--footer":"#ffeff0","color--footer":"#212121","color-slider-caption":"#212121","color-slider-caption-bg":"#ffffff","color-slider-button":"#ffffff","color-slider-button-bg":"#212121","color-slider-nav":"#212121","color-tabs-accordions":"#f7f7f7","typography--heading":"roboto_n5","typography--heading--uppercase":false,"typography--heading--size":"small","typography--accent":"karla_n4","typography--paragraph":"roboto_n4","typography--paragraph--size":"medium","sections":{"header":{"type":"header","settings":{"transparent-menu":false,"header-account-show":true,"cart--icon":"text","header-menu-center":true,"menu":"main-menu","show-currency-selector":true,"show-locale-selector":true,"header-logo-center":true,"logo-height":35}},"framework--footer":{"type":"framework--footer","blocks":{"footer--about":{"type":"about","settings":{"about-title":"Store","text":"<p>© Your brand name here<\/p>","subscribe--show-social-icons":true}},"footer--menu":{"type":"menu","settings":{"menu-title":"Info","menu":"footer"}},"footer--subscribe":{"type":"subscribe","settings":{"newsletter--heading":"Subscribe","newsletter--info":"<p>Sign up to our mailing list<\/p>","subscribe--show-newsletter":true}}},"block_order":["footer--about","footer--menu","footer--subscribe"],"settings":{"show-currency-selector":true,"show-locale-selector":true,"show-payment-icons":true}},"product":{"type":"product","settings":{"product-breadcrumbs-show":true,"variant-style":"dropdowns","swatches-enabled":true,"smart-payment-button":true,"product-unavailable-form-show":true,"low-in-stock-amount":0,"image-zoom-enabled":true,"loop-enabled":false,"cart-form-position":"left","product-size-chart-enabled":false,"product-size-chart-option":"size","product-size-chart-page-content":"","product-share-show":true,"product-share-twitter":true,"product-share-facebook":true,"product-share-pinterest":true}},"collection":{"type":"collection","settings":{"collections-breadcrumbs-show":true,"collections-tags-show":true,"show-title":false,"collections-products-per-row":"4","mobile-items-per-row":"2"}},"1519177052247":{"type":"slideshow","blocks":{"1519177052247-0":{"type":"image","settings":{"slide-title":"Slideshow","slide-tagline":"Introduce your store or campaign with this slideshow section.","slide-link-title":"Link to content","slide-y-pos":"middle","slide-x-pos":"left","slide-text-pos":"text-left"}},"1519177052247-1":{"type":"image","settings":{"slide-title":"Slideshow","slide-tagline":"Introduce your store or campaign with this slideshow section.","slide-link-title":"Link to content","slide-y-pos":"middle","slide-x-pos":"left","slide-text-pos":"text-left"}}},"block_order":["1519177052247-0","1519177052247-1"],"settings":{"autoplay":true,"transition_style":"default","rotate-frequency-range":7}},"1519177108222":{"type":"framework--featured-content","settings":{"full-width":true,"background-color":"accent","text-position":"right","text-width":"small","overlap":false,"transparent-overlap":false,"alternative-color":false,"mobile-overlay":true,"image-height":"medium","parallax-enabled":false,"apply-overlay":false,"title":"Image with Text","description":"<p>Use a combination of image and text to share information about your brand with your customers. Describe a product, share announcements, or welcome customers to your store<\/p>","link-text":""}},"1519177181912":{"type":"featured-collection","settings":{"background-color":"none","home-product-slider-collection":"","max_products":12}},"1519177213210":{"type":"framework--featured-content","settings":{"full-width":true,"background-color":"light","text-position":"center","text-width":"large","overlap":true,"transparent-overlap":true,"alternative-color":true,"mobile-overlay":true,"image-height":"medium","parallax-enabled":false,"apply-overlay":true,"title":"Image with Text","description":"<p>Use a combination of image and text to share information about your brand with your customers. Describe a product, share announcements, or welcome customers to your store<\/p>","link-text":""}},"1519177316120":{"type":"framework--newsletter","settings":{"background-color":"none","heading":"Subscribe to our newsletter","newsletter--subheading":"<p>A short sentence describing what someone will receive by subscribing<\/p>"}},"1521155965634":{"type":"framework--featured-text","settings":{"background-color":"none","heading":"Talk about your brand","text":"<p>Use this text to share information about your brand with your customers. Describe a product, share announcements, or welcome customers to your store.<\/p>"}},"1521155972652":{"type":"framework--featured-video","settings":{"video-url":"","full-width":true,"background-color":"light","section-height":"regular","darken-video":true,"alt-text":true,"heading":"","sub-heading":"Add a subheading here","button-text":"button"}},"1521155992953":{"type":"framework--map","settings":{"api-key":"","map-address":"391 Sutter St, San Francisco","background-color":"light","theme":"grayscale","heading":"Map","address":"<p>391 Sutter St,<br\/>San Francisco<br\/>CA 94108, USA<br\/><br\/>(555) 555-5555<\/p>","hours":"<p>Monday - Friday<br\/>10am - 6pm<br\/><br\/>Saturday - Sunday<br\/>12pm - 5pm<\/p>"}},"1521156071253":{"type":"framework--featured-content","settings":{"full-width":false,"background-color":"light","text-position":"left","text-width":"small","overlap":true,"transparent-overlap":false,"alternative-color":false,"mobile-overlay":true,"image-height":"medium","parallax-enabled":false,"apply-overlay":true,"title":"Image with Text","description":"<p>Use a combination of image and text to share information about your brand with your customers. Describe a product, share announcements, or welcome customers to your store<\/p>","link-text":""}},"announcement":{"type":"announcement","settings":{"enabled":true,"home-page-only":true,"background-color":"accent","alternative-color":false,"text":"Add your announcement message"}},"1599542427196":{"type":"framework--featured-blog","settings":{"background-color":"none","blog-heading":"Blog posts","blog":"news","tag-select":"pinned","show-date":true,"show-excerpt":true,"view-more-text":"View more"}},"1605598890c8501c96":{"type":"framework--image-text-overlay","blocks":{"1605598890c8501c96-0":{"type":"image","settings":{"wide":true,"tall":true,"retain-ratio":false,"title":"Grid image","link-text":"View more"}},"1605598890c8501c96-1":{"type":"image","settings":{"wide":true,"tall":false,"retain-ratio":false,"title":"Grid image","link-text":"View more"}},"1605598890c8501c96-2":{"type":"image","settings":{"wide":false,"tall":false,"retain-ratio":false,"title":"Grid image","link-text":"View more"}},"1605598890c8501c96-3":{"type":"image","settings":{"wide":false,"tall":false,"retain-ratio":false,"title":"Grid image","link-text":"View more"}}},"block_order":["1605598890c8501c96-0","1605598890c8501c96-1","1605598890c8501c96-2","1605598890c8501c96-3"],"settings":{"text-style":"light-with-overlay","background-color":"none","spacing":true,"container-width":4,"width":4,"mobile-width":"2","title":"Grid with overlay","subtitle":"","link-text":""}},"1605598898e2d908c6":{"type":"framework--image-with-text-below","blocks":{"1605598898e2d908c6-0":{"type":"image","settings":{"title":"Grid image","description":"<p>Add your description text here<\/p>","link-text":"View more"}},"1605598898e2d908c6-1":{"type":"image","settings":{"title":"Grid image","description":"<p>Add your description text here<\/p>","link-text":"View more"}},"1605598898e2d908c6-2":{"type":"image","settings":{"title":"Grid image","description":"<p>Add your description text here<\/p>","link-text":"View more"}},"1605598898e2d908c6-3":{"type":"image","settings":{"title":"Grid image","description":"<p>Add your description text here<\/p>","link-text":"View more"}}},"block_order":["1605598898e2d908c6-0","1605598898e2d908c6-1","1605598898e2d908c6-2","1605598898e2d908c6-3"],"settings":{"background-color":"light","spacing":true,"container-width":4,"width":4,"image-width":0,"mobile-width":"2","title":"Grid with text below","subtitle":"","link-text":""}}},"content_for_index":["1519177052247","1519177181912","1519177108222","1605598890c8501c96","1519177213210","1605598898e2d908c6","1521155965634","1521155972652","1521156071253","1599542427196","1521155992953","1519177316120"]},"Adorn":{"color--accent":"#f7f2f2","color-text":"#212121","color--alternative":"#ffffff","color-page-bg":"#ffffff","color-panel-bg":"#f7f7f7","color-border":"#e0e0e0","color-button":"#ffffff","color-button-bg":"#212121","color-header-bg":"#ffffff","color-header":"#212121","color-header-cart":"#212121","bg-color--footer":"#f7f2f2","color--footer":"#212121","color-slider-caption":"#212121","color-slider-caption-bg":"#ffffff","color-slider-button":"#ffffff","color-slider-button-bg":"#212121","color-slider-nav":"#212121","color-tabs-accordions":"#e0e0e0","typography--heading":"itc_caslon_no_224_n4","typography--heading--uppercase":false,"typography--heading--size":"large","typography--accent":"avenir_next_n4","typography--paragraph":"avenir_next_n4","typography--paragraph--size":"medium","sections":{"header":{"type":"header","settings":{"transparent-menu":false,"header-account-show":true,"cart--icon":"text","header-menu-center":true,"menu":"main-menu","show-currency-selector":true,"show-locale-selector":true,"header-logo-center":true,"logo-height":35}},"framework--footer":{"type":"framework--footer","blocks":{"footer--about":{"type":"about","settings":{"about-title":"Store","text":"<p>© Your brand name here<\/p>","subscribe--show-social-icons":true}},"footer--menu":{"type":"menu","settings":{"menu-title":"Info","menu":"footer"}},"footer--subscribe":{"type":"subscribe","settings":{"newsletter--heading":"Subscribe","newsletter--info":"<p>Sign up to our mailing list<\/p>","subscribe--show-newsletter":true}}},"block_order":["footer--about","footer--menu","footer--subscribe"],"settings":{"show-currency-selector":true,"show-locale-selector":true,"show-payment-icons":true}},"product":{"type":"product","settings":{"product-breadcrumbs-show":true,"variant-style":"dropdowns","swatches-enabled":true,"smart-payment-button":true,"product-unavailable-form-show":true,"low-in-stock-amount":0,"image-zoom-enabled":true,"loop-enabled":false,"cart-form-position":"left","product-size-chart-enabled":false,"product-size-chart-option":"size","product-size-chart-page-content":"","product-share-show":true,"product-share-twitter":true,"product-share-facebook":true,"product-share-pinterest":true}},"collection":{"type":"collection","settings":{"collections-breadcrumbs-show":true,"collections-tags-show":true,"show-title":false,"collections-products-per-row":"4","mobile-items-per-row":"2"}},"1519177052247":{"type":"slideshow","blocks":{"1519177052247-0":{"type":"image","settings":{"slide-title":"Slideshow","slide-tagline":"Introduce your store or campaign with this slideshow section.","slide-link-title":"Link to content","slide-y-pos":"middle","slide-x-pos":"left","slide-text-pos":"text-left"}},"1519177052247-1":{"type":"image","settings":{"slide-title":"Slideshow","slide-tagline":"Introduce your store or campaign with this slideshow section.","slide-link-title":"Link to content","slide-y-pos":"middle","slide-x-pos":"left","slide-text-pos":"text-left"}}},"block_order":["1519177052247-0","1519177052247-1"],"settings":{"autoplay":true,"transition_style":"default","rotate-frequency-range":7}},"1519177108222":{"type":"framework--featured-content","settings":{"full-width":true,"background-color":"accent","text-position":"right","text-width":"small","overlap":false,"transparent-overlap":false,"alternative-color":false,"mobile-overlay":true,"image-height":"medium","parallax-enabled":false,"apply-overlay":false,"title":"Image with Text","description":"<p>Use a combination of image and text to share information about your brand with your customers. Describe a product, share announcements, or welcome customers to your store<\/p>","link-text":""}},"1519177181912":{"type":"featured-collection","settings":{"background-color":"none","home-product-slider-collection":"","max_products":12}},"1519177213210":{"type":"framework--featured-content","settings":{"full-width":true,"background-color":"light","text-position":"center","text-width":"large","overlap":true,"transparent-overlap":true,"alternative-color":true,"mobile-overlay":true,"image-height":"medium","parallax-enabled":false,"apply-overlay":true,"title":"Image with Text","description":"<p>Use a combination of image and text to share information about your brand with your customers. Describe a product, share announcements, or welcome customers to your store<\/p>","link-text":""}},"1519177316120":{"type":"framework--newsletter","settings":{"background-color":"none","heading":"Subscribe to our newsletter","newsletter--subheading":"<p>A short sentence describing what someone will receive by subscribing<\/p>"}},"1521155965634":{"type":"framework--featured-text","settings":{"background-color":"none","heading":"Talk about your brand","text":"<p>Use this text to share information about your brand with your customers. Describe a product, share announcements, or welcome customers to your store.<\/p>"}},"1521155972652":{"type":"framework--featured-video","settings":{"video-url":"","full-width":true,"background-color":"light","section-height":"regular","darken-video":true,"alt-text":true,"heading":"","sub-heading":"Add a subheading here","button-text":"button"}},"1521155992953":{"type":"framework--map","settings":{"api-key":"","map-address":"391 Sutter St, San Francisco","background-color":"light","theme":"grayscale","heading":"Map","address":"<p>391 Sutter St,<br\/>San Francisco<br\/>CA 94108, USA<br\/><br\/>(555) 555-5555<\/p>","hours":"<p>Monday - Friday<br\/>10am - 6pm<br\/><br\/>Saturday - Sunday<br\/>12pm - 5pm<\/p>"}},"1521156071253":{"type":"framework--featured-content","settings":{"full-width":false,"background-color":"light","text-position":"left","text-width":"small","overlap":true,"transparent-overlap":false,"alternative-color":false,"mobile-overlay":true,"image-height":"medium","parallax-enabled":false,"apply-overlay":true,"title":"Image with Text","description":"<p>Use a combination of image and text to share information about your brand with your customers. Describe a product, share announcements, or welcome customers to your store<\/p>","link-text":""}},"announcement":{"type":"announcement","settings":{"enabled":true,"home-page-only":true,"background-color":"accent","alternative-color":false,"text":"Add your announcement message"}},"1599542427196":{"type":"framework--featured-blog","settings":{"background-color":"none","blog-heading":"Blog posts","blog":"news","tag-select":"pinned","show-date":true,"show-excerpt":true,"view-more-text":"View more"}},"1605598890c8501c96":{"type":"framework--image-text-overlay","blocks":{"1605598890c8501c96-0":{"type":"image","settings":{"wide":true,"tall":true,"retain-ratio":false,"title":"Grid image","link-text":"View more"}},"1605598890c8501c96-1":{"type":"image","settings":{"wide":true,"tall":false,"retain-ratio":false,"title":"Grid image","link-text":"View more"}},"1605598890c8501c96-2":{"type":"image","settings":{"wide":false,"tall":false,"retain-ratio":false,"title":"Grid image","link-text":"View more"}},"1605598890c8501c96-3":{"type":"image","settings":{"wide":false,"tall":false,"retain-ratio":false,"title":"Grid image","link-text":"View more"}}},"block_order":["1605598890c8501c96-0","1605598890c8501c96-1","1605598890c8501c96-2","1605598890c8501c96-3"],"settings":{"text-style":"light-with-overlay","background-color":"none","spacing":true,"container-width":4,"width":4,"mobile-width":"2","title":"Grid with overlay","subtitle":"","link-text":""}},"1605598898e2d908c6":{"type":"framework--image-with-text-below","blocks":{"1605598898e2d908c6-0":{"type":"image","settings":{"title":"Grid image","description":"<p>Add your description text here<\/p>","link-text":"View more"}},"1605598898e2d908c6-1":{"type":"image","settings":{"title":"Grid image","description":"<p>Add your description text here<\/p>","link-text":"View more"}},"1605598898e2d908c6-2":{"type":"image","settings":{"title":"Grid image","description":"<p>Add your description text here<\/p>","link-text":"View more"}},"1605598898e2d908c6-3":{"type":"image","settings":{"title":"Grid image","description":"<p>Add your description text here<\/p>","link-text":"View more"}}},"block_order":["1605598898e2d908c6-0","1605598898e2d908c6-1","1605598898e2d908c6-2","1605598898e2d908c6-3"],"settings":{"background-color":"light","spacing":true,"container-width":4,"width":4,"image-width":0,"mobile-width":"2","title":"Grid with text below","subtitle":"","link-text":""}}},"content_for_index":["1519177052247","1519177181912","1519177108222","1605598890c8501c96","1519177213210","1605598898e2d908c6","1521155965634","1521155972652","1521156071253","1599542427196","1521155992953","1519177316120"]},"Summer":{"color--accent":"#ffe0c8","color-text":"#212121","color--alternative":"#ffffff","color-page-bg":"#ffffff","color-panel-bg":"#f7f7f7","color-border":"#e0e0e0","color-button":"#ffffff","color-button-bg":"#212121","color-header-bg":"#f7f7f7","color-header":"#212121","color-header-cart":"#212121","bg-color--footer":"#f7f7f7","color--footer":"#212121","color-slider-caption":"#212121","color-slider-caption-bg":"#ffffff","color-slider-button":"#ffffff","color-slider-button-bg":"#212121","color-slider-nav":"#212121","color-tabs-accordions":"#e0e0e0","typography--heading":"gill_sans_nova_n4","typography--heading--uppercase":false,"typography--heading--size":"small","typography--accent":"gill_sans_nova_n4","typography--paragraph":"gill_sans_nova_n4","typography--paragraph--size":"medium","sections":{"header":{"type":"header","settings":{"transparent-menu":false,"header-account-show":true,"cart--icon":"text","header-menu-center":true,"menu":"main-menu","show-currency-selector":true,"show-locale-selector":true,"header-logo-center":true,"logo-height":35}},"framework--footer":{"type":"framework--footer","blocks":{"footer--about":{"type":"about","settings":{"about-title":"Store","text":"<p>© Your brand name here<\/p>","subscribe--show-social-icons":true}},"footer--menu":{"type":"menu","settings":{"menu-title":"Info","menu":"footer"}},"footer--subscribe":{"type":"subscribe","settings":{"newsletter--heading":"Subscribe","newsletter--info":"<p>Sign up to our mailing list<\/p>","subscribe--show-newsletter":true}}},"block_order":["footer--about","footer--menu","footer--subscribe"],"settings":{"show-currency-selector":true,"show-locale-selector":true,"show-payment-icons":true}},"product":{"type":"product","settings":{"product-breadcrumbs-show":true,"variant-style":"dropdowns","swatches-enabled":true,"smart-payment-button":true,"product-unavailable-form-show":true,"low-in-stock-amount":0,"image-zoom-enabled":true,"loop-enabled":false,"cart-form-position":"left","product-size-chart-enabled":false,"product-size-chart-option":"size","product-size-chart-page-content":"","product-share-show":true,"product-share-twitter":true,"product-share-facebook":true,"product-share-pinterest":true}},"collection":{"type":"collection","settings":{"collections-breadcrumbs-show":true,"collections-tags-show":true,"show-title":false,"collections-products-per-row":"4","mobile-items-per-row":"2"}},"1519177052247":{"type":"slideshow","blocks":{"1519177052247-0":{"type":"image","settings":{"slide-title":"Slideshow","slide-tagline":"Introduce your store or campaign with this slideshow section.","slide-link-title":"Link to content","slide-y-pos":"middle","slide-x-pos":"left","slide-text-pos":"text-left"}},"1519177052247-1":{"type":"image","settings":{"slide-title":"Slideshow","slide-tagline":"Introduce your store or campaign with this slideshow section.","slide-link-title":"Link to content","slide-y-pos":"middle","slide-x-pos":"left","slide-text-pos":"text-left"}}},"block_order":["1519177052247-0","1519177052247-1"],"settings":{"autoplay":true,"transition_style":"default","rotate-frequency-range":7}},"1519177108222":{"type":"framework--featured-content","settings":{"full-width":true,"background-color":"accent","text-position":"right","text-width":"small","overlap":false,"transparent-overlap":false,"alternative-color":false,"mobile-overlay":true,"image-height":"medium","parallax-enabled":false,"apply-overlay":false,"title":"Image with Text","description":"<p>Use a combination of image and text to share information about your brand with your customers. Describe a product, share announcements, or welcome customers to your store<\/p>","link-text":""}},"1519177181912":{"type":"featured-collection","settings":{"background-color":"none","home-product-slider-collection":"","max_products":12}},"1519177213210":{"type":"framework--featured-content","settings":{"full-width":true,"background-color":"light","text-position":"center","text-width":"large","overlap":true,"transparent-overlap":true,"alternative-color":true,"mobile-overlay":true,"image-height":"medium","parallax-enabled":false,"apply-overlay":true,"title":"Image with Text","description":"<p>Use a combination of image and text to share information about your brand with your customers. Describe a product, share announcements, or welcome customers to your store<\/p>","link-text":""}},"1519177316120":{"type":"framework--newsletter","settings":{"background-color":"none","heading":"Subscribe to our newsletter","newsletter--subheading":"<p>A short sentence describing what someone will receive by subscribing<\/p>"}},"1521155965634":{"type":"framework--featured-text","settings":{"background-color":"none","heading":"Talk about your brand","text":"<p>Use this text to share information about your brand with your customers. Describe a product, share announcements, or welcome customers to your store.<\/p>"}},"1521155972652":{"type":"framework--featured-video","settings":{"video-url":"","full-width":true,"background-color":"light","section-height":"regular","darken-video":true,"alt-text":true,"heading":"","sub-heading":"Add a subheading here","button-text":"button"}},"1521155992953":{"type":"framework--map","settings":{"api-key":"","map-address":"391 Sutter St, San Francisco","background-color":"light","theme":"grayscale","heading":"Map","address":"<p>391 Sutter St,<br\/>San Francisco<br\/>CA 94108, USA<br\/><br\/>(555) 555-5555<\/p>","hours":"<p>Monday - Friday<br\/>10am - 6pm<br\/><br\/>Saturday - Sunday<br\/>12pm - 5pm<\/p>"}},"1521156071253":{"type":"framework--featured-content","settings":{"full-width":false,"background-color":"light","text-position":"left","text-width":"small","overlap":true,"transparent-overlap":false,"alternative-color":false,"mobile-overlay":true,"image-height":"medium","parallax-enabled":false,"apply-overlay":true,"title":"Image with Text","description":"<p>Use a combination of image and text to share information about your brand with your customers. Describe a product, share announcements, or welcome customers to your store<\/p>","link-text":""}},"announcement":{"type":"announcement","settings":{"enabled":true,"home-page-only":true,"background-color":"accent","alternative-color":false,"text":"Add your announcement message"}},"1599542427196":{"type":"framework--featured-blog","settings":{"background-color":"none","blog-heading":"Blog posts","blog":"news","tag-select":"pinned","show-date":true,"show-excerpt":true,"view-more-text":"View more"}},"1605598890c8501c96":{"type":"framework--image-text-overlay","blocks":{"1605598890c8501c96-0":{"type":"image","settings":{"wide":true,"tall":true,"retain-ratio":false,"title":"Grid image","link-text":"View more"}},"1605598890c8501c96-1":{"type":"image","settings":{"wide":true,"tall":false,"retain-ratio":false,"title":"Grid image","link-text":"View more"}},"1605598890c8501c96-2":{"type":"image","settings":{"wide":false,"tall":false,"retain-ratio":false,"title":"Grid image","link-text":"View more"}},"1605598890c8501c96-3":{"type":"image","settings":{"wide":false,"tall":false,"retain-ratio":false,"title":"Grid image","link-text":"View more"}}},"block_order":["1605598890c8501c96-0","1605598890c8501c96-1","1605598890c8501c96-2","1605598890c8501c96-3"],"settings":{"text-style":"light-with-overlay","background-color":"none","spacing":true,"container-width":4,"width":4,"mobile-width":"2","title":"Grid with overlay","subtitle":"","link-text":""}},"1605598898e2d908c6":{"type":"framework--image-with-text-below","blocks":{"1605598898e2d908c6-0":{"type":"image","settings":{"title":"Grid image","description":"<p>Add your description text here<\/p>","link-text":"View more"}},"1605598898e2d908c6-1":{"type":"image","settings":{"title":"Grid image","description":"<p>Add your description text here<\/p>","link-text":"View more"}},"1605598898e2d908c6-2":{"type":"image","settings":{"title":"Grid image","description":"<p>Add your description text here<\/p>","link-text":"View more"}},"1605598898e2d908c6-3":{"type":"image","settings":{"title":"Grid image","description":"<p>Add your description text here<\/p>","link-text":"View more"}}},"block_order":["1605598898e2d908c6-0","1605598898e2d908c6-1","1605598898e2d908c6-2","1605598898e2d908c6-3"],"settings":{"background-color":"light","spacing":true,"container-width":4,"width":4,"image-width":0,"mobile-width":"2","title":"Grid with text below","subtitle":"","link-text":""}}},"content_for_index":["1519177052247","1519177181912","1519177108222","1605598890c8501c96","1519177213210","1605598898e2d908c6","1521155965634","1521155972652","1521156071253","1599542427196","1521155992953","1519177316120"]},"Deli":{"color--accent":"#fb8a68","color-text":"#212121","color--alternative":"#ffffff","color-page-bg":"#ffffff","color-panel-bg":"#f7f7f7","color-border":"#e0e0e0","color-button":"#ffffff","color-button-bg":"#212121","color-header-bg":"#fafafa","color-header":"#212121","color-header-cart":"#212121","bg-color--footer":"#f7f7f7","color--footer":"#212121","color-slider-caption":"#212121","color-slider-caption-bg":"#ffffff","color-slider-button":"#ffffff","color-slider-button-bg":"#212121","color-slider-nav":"#212121","color-tabs-accordions":"#e0e0e0","typography--heading":"futura_n4","typography--heading--uppercase":false,"typography--heading--size":"medium","typography--accent":"karla_n4","typography--paragraph":"karla_n4","typography--paragraph--size":"medium","sections":{"header":{"type":"header","settings":{"transparent-menu":false,"header-account-show":true,"cart--icon":"text","header-menu-center":true,"menu":"main-menu","show-currency-selector":true,"show-locale-selector":true,"header-logo-center":true,"logo-height":35}},"framework--footer":{"type":"framework--footer","blocks":{"footer--about":{"type":"about","settings":{"about-title":"Store","text":"<p>© Your brand name here<\/p>","subscribe--show-social-icons":true}},"footer--menu":{"type":"menu","settings":{"menu-title":"Info","menu":"footer"}},"footer--subscribe":{"type":"subscribe","settings":{"newsletter--heading":"Subscribe","newsletter--info":"<p>Sign up to our mailing list<\/p>","subscribe--show-newsletter":true}}},"block_order":["footer--about","footer--menu","footer--subscribe"],"settings":{"show-currency-selector":true,"show-locale-selector":true,"show-payment-icons":true}},"product":{"type":"product","settings":{"product-breadcrumbs-show":true,"variant-style":"dropdowns","swatches-enabled":true,"smart-payment-button":true,"product-unavailable-form-show":true,"low-in-stock-amount":0,"image-zoom-enabled":true,"loop-enabled":false,"cart-form-position":"left","product-size-chart-enabled":false,"product-size-chart-option":"size","product-size-chart-page-content":"","product-share-show":true,"product-share-twitter":true,"product-share-facebook":true,"product-share-pinterest":true}},"collection":{"type":"collection","settings":{"collections-breadcrumbs-show":true,"collections-tags-show":true,"show-title":false,"collections-products-per-row":"4","mobile-items-per-row":"2"}},"1519177052247":{"type":"slideshow","blocks":{"1519177052247-0":{"type":"image","settings":{"slide-title":"Slideshow","slide-tagline":"Introduce your store or campaign with this slideshow section.","slide-link-title":"Link to content","slide-y-pos":"middle","slide-x-pos":"left","slide-text-pos":"text-left"}},"1519177052247-1":{"type":"image","settings":{"slide-title":"Slideshow","slide-tagline":"Introduce your store or campaign with this slideshow section.","slide-link-title":"Link to content","slide-y-pos":"middle","slide-x-pos":"left","slide-text-pos":"text-left"}}},"block_order":["1519177052247-0","1519177052247-1"],"settings":{"autoplay":true,"transition_style":"default","rotate-frequency-range":7}},"1519177108222":{"type":"framework--featured-content","settings":{"full-width":true,"background-color":"accent","text-position":"right","text-width":"small","overlap":false,"transparent-overlap":false,"alternative-color":true,"mobile-overlay":true,"image-height":"medium","parallax-enabled":false,"apply-overlay":false,"title":"Image with Text","description":"<p>Use a combination of image and text to share information about your brand with your customers. Describe a product, share announcements, or welcome customers to your store<\/p>","link-text":""}},"1519177181912":{"type":"featured-collection","settings":{"background-color":"none","home-product-slider-collection":"","max_products":12}},"1519177213210":{"type":"framework--featured-content","settings":{"full-width":true,"background-color":"light","text-position":"center","text-width":"large","overlap":true,"transparent-overlap":true,"alternative-color":true,"mobile-overlay":true,"image-height":"medium","parallax-enabled":false,"apply-overlay":true,"title":"Image with Text","description":"<p>Use a combination of image and text to share information about your brand with your customers. Describe a product, share announcements, or welcome customers to your store<\/p>","link-text":""}},"1519177316120":{"type":"framework--newsletter","settings":{"background-color":"none","heading":"Subscribe to our newsletter","newsletter--subheading":"<p>A short sentence describing what someone will receive by subscribing<\/p>"}},"1521155965634":{"type":"framework--featured-text","settings":{"background-color":"none","heading":"Talk about your brand","text":"<p>Use this text to share information about your brand with your customers. Describe a product, share announcements, or welcome customers to your store.<\/p>"}},"1521155972652":{"type":"framework--featured-video","settings":{"video-url":"","full-width":true,"background-color":"light","section-height":"regular","darken-video":true,"alt-text":true,"heading":"","sub-heading":"Add a subheading here","button-text":"button"}},"1521155992953":{"type":"framework--map","settings":{"api-key":"","map-address":"391 Sutter St, San Francisco","background-color":"light","theme":"grayscale","heading":"Map","address":"<p>391 Sutter St,<br\/>San Francisco<br\/>CA 94108, USA<br\/><br\/>(555) 555-5555<\/p>","hours":"<p>Monday - Friday<br\/>10am - 6pm<br\/><br\/>Saturday - Sunday<br\/>12pm - 5pm<\/p>"}},"1521156071253":{"type":"framework--featured-content","settings":{"full-width":false,"background-color":"light","text-position":"left","text-width":"small","overlap":true,"transparent-overlap":false,"alternative-color":false,"mobile-overlay":true,"image-height":"medium","parallax-enabled":false,"apply-overlay":true,"title":"Image with Text","description":"<p>Use a combination of image and text to share information about your brand with your customers. Describe a product, share announcements, or welcome customers to your store<\/p>","link-text":""}},"announcement":{"type":"announcement","settings":{"enabled":true,"home-page-only":true,"background-color":"accent","alternative-color":true,"text":"Add your announcement message"}},"1599542427196":{"type":"framework--featured-blog","settings":{"background-color":"none","blog-heading":"Blog posts","blog":"news","tag-select":"pinned","show-date":true,"show-excerpt":true,"view-more-text":"View more"}},"1605598890c8501c96":{"type":"framework--image-text-overlay","blocks":{"1605598890c8501c96-0":{"type":"image","settings":{"wide":true,"tall":true,"retain-ratio":false,"title":"Grid image","link-text":"View more"}},"1605598890c8501c96-1":{"type":"image","settings":{"wide":true,"tall":false,"retain-ratio":false,"title":"Grid image","link-text":"View more"}},"1605598890c8501c96-2":{"type":"image","settings":{"wide":false,"tall":false,"retain-ratio":false,"title":"Grid image","link-text":"View more"}},"1605598890c8501c96-3":{"type":"image","settings":{"wide":false,"tall":false,"retain-ratio":false,"title":"Grid image","link-text":"View more"}}},"block_order":["1605598890c8501c96-0","1605598890c8501c96-1","1605598890c8501c96-2","1605598890c8501c96-3"],"settings":{"text-style":"light-with-overlay","background-color":"none","spacing":true,"container-width":4,"width":4,"mobile-width":"2","title":"Grid with overlay","subtitle":"","link-text":""}},"1605598898e2d908c6":{"type":"framework--image-with-text-below","blocks":{"1605598898e2d908c6-0":{"type":"image","settings":{"title":"Grid image","description":"<p>Add your description text here<\/p>","link-text":"View more"}},"1605598898e2d908c6-1":{"type":"image","settings":{"title":"Grid image","description":"<p>Add your description text here<\/p>","link-text":"View more"}},"1605598898e2d908c6-2":{"type":"image","settings":{"title":"Grid image","description":"<p>Add your description text here<\/p>","link-text":"View more"}},"1605598898e2d908c6-3":{"type":"image","settings":{"title":"Grid image","description":"<p>Add your description text here<\/p>","link-text":"View more"}}},"block_order":["1605598898e2d908c6-0","1605598898e2d908c6-1","1605598898e2d908c6-2","1605598898e2d908c6-3"],"settings":{"background-color":"light","spacing":true,"container-width":4,"width":4,"image-width":0,"mobile-width":"2","title":"Grid with text below","subtitle":"","link-text":""}}},"content_for_index":["1519177052247","1519177181912","1519177108222","1605598890c8501c96","1519177213210","1605598898e2d908c6","1521155965634","1521155972652","1521156071253","1599542427196","1521155992953","1519177316120"]}}}