{"current":{"general_layout":"full_width","cus_w_bd":1170,"body_bg":"#fff","body_bg_image":"","body_bg_repeat":"default","body_bg_size":"default","body_bg_attachment":"default","body_bg_position":"default","home_keywords":"gecko shopify, Fastest, Ajax Shop, Minimal, Lazyload","shop_author":"The4","global_acc":"","use_rtl":false,"list_rtl":"","backtop":"3","backtop_des":"1","prevent_copying":false,"falling_snow":false,"catalog_mode":false,"enable_toolbar":true,"enable_new_pp":false,"enable_pro_pr_pp":false,"enable_ck_pp":false,"enable_age_pp":false,"enable_salse_pp":true,"enable_salse_pp_mb":false,"platform_email":"1","klaviyo_list_id":"","ajax_klaviyo":true,"action_mailchimp":"","ajax_mailChimp":true,"checkbox_mail":false,"link_mail":"","enable_growave":false,"enable_infiniteoptions":true,"wishlist_type":"1","enable_compe":false,"app_review":"1","label_settings":"rectangular","use_sale_label":true,"label_sale_style":"2","use_sold_out_label":false,"use_new_label":true,"new_day_added":10,"c_1":"","c_2":"","c_3":"","c_4":"","placeholder_img":"shopify:\/\/shop_images\/brand-logo_1.jpg","enable_meta":true,"enable_tag":true,"filter_price_list":"$7-$50, $50-$150, $150-$500","logo_svg":"","logo":"shopify:\/\/shop_images\/Logo1.png","logo_retina":"shopify:\/\/shop_images\/Logo1.png","logo_width":115,"logos":"shopify:\/\/shop_images\/Logo1.png","logos_retina":"shopify:\/\/shop_images\/Logo1.png","logos_width":180,"logo_mb":"shopify:\/\/shop_images\/Logo1.png","logo_mb_retina":"shopify:\/\/shop_images\/Logo1.png","logo_mb_width":110,"logo_tr_svg":"","logo_tr":"shopify:\/\/shop_images\/Logo1.png","logo_tr_retina":"shopify:\/\/shop_images\/Logo1.png","logo_tr_width":100,"h_banner":false,"h_topbar":true,"full_header":true,"sticky_header":false,"scroll_header":true,"header_design":"3","h_transparent":false,"h_tr_top":false,"h_navmb":61,"mb_cat":true,"only_icon":false,"first_cat":false,"h__bgimg":"","bgnav":"#ffffff","opnav":100,"clnav":"#4d5959","bgnavst":"#ffffff","opnavst":100,"clnavst":"#222222","bgnavtr":"#000000","opnavtr":40,"clnavtr":"#ffffff","h_icon":"iccl","show_search":true,"show_wis":false,"show_acc":true,"cart_des":"1","bg_hc":"#000000","cl_hc":"#ffffff","btnt4_style":"1","cl_bd_text":"#999999","color_primary":"#b59677","cl_hd":"#4d5959","cl_se_tt":"#4d5959","cl_se_subtt":"#878787","ld_bar":"#b59677","cl_sale":"#f68e56","cl_new":"#a8a375","cl_sold_out":"#999","clpr_tt":"#4d5959","clpr_price":"#696969","clpr_price_sale":"#ec0101","clpr_price_goc":"#878787","clpr_in":"#4eb0be","clpr_out":"#b50808","bgwis_btn":"#fff","wis_btn":"#222","bgwis_btn_hover":"#fff","wis_btn_hover":"#b59677","bgqv_btn":"#fff","qv_btn":"#222222","bgqv_btn_hover":"#ffffff","qv_btn_hover":"#b59677","bgatc_btn":"#b59677","atc_btn":"#ffffff","bgatc_btn_hover":"#b59677","atc_btn_hover":"#fff","bgatc_pg":"#b59677","atc_pg":"#fff","bgatc_pg_hover":"#222","atc_pg_hover":"#fff","bgck_btn":"#000","ck_btn":"#fff","bgck_btn_hover":"#222","ck_btn_hover":"#fff","cl_tooltip":"#383838","cl_tooltip_txt":"#fff","cl_lazyload":"#b59677","bg_lazyload":"#f5f5f5","use_cus_lz":false,"cus_lz":"","size_cus_lz":60,"font_source":"2","fnt_bd":"poppins_n4","fnt_heading":"poppins_n4","fnt_sub_tt":"poppins_n4","fnt_bd2":"Lato","fnt_heading2":"Montserrat","fnt_sub_tt2":"Libre Baskerville","size_bd_text":14,"fw_bd":400,"bd_line_height":1.7,"hd_letter_spacing":1,"fw_hd":400,"hd_line_height":1.4,"ls_hd":2,"fs_nav":14,"fw_nav":400,"ls_nav":3,"size_se_tt":20,"fw_se_tt":400,"lh_se_tt":0,"ls_se_tt":0,"size_se_tt_mb":20,"fw_se_tt_mb":400,"lh_se_tt_mb":0,"ls_se_tt_mb":0,"size_se_stt":14,"fw_se_stt":400,"lh_se_stt":0,"ls_se_stt":0,"size_se_stt_mb":14,"fw_se_stt_mb":400,"lh_se_stt_mb":0,"ls_se_stt_mb":0,"txt_tr_pr":"uppercase","size_pr":13,"size_price_pr":14,"fw_pr":700,"ls_pr":0,"space_pr":15,"shop_layout":"default","shop_des":"default","cat_des":"1","shop_sidebar":"left","shop_size_sidebar":"2","use_hidden_cat":false,"space_sidebar":30,"ajax_shop":true,"ajax_scroll_top":false,"show_column_switch":true,"show_list_switch":true,"default_list_view":false,"sort_enable":false,"cat_sticky":false,"shop_filters":false,"pop_style":"pop_default","type_filters":"2","logic_filter":"2","auto_hide_ofsock":false,"show_hide_ofsock":false,"pr_layout":"default","design_products":"4","size_img_pr":"2","nav_img_pr":"medium","use_sticky_des":false,"main_click":"popup","zoom_tp":"1","pswp_tp":"light","show_zoom_img":true,"des_pr_design":"1","des_pr_layout":"2","pr_sidebar":"none","pr_sidebar_full":false,"pr_size_sidebar":"2","pr_curent":"3","fbt_pos":"1","show_first_img":true,"use_vimg":true,"sticky_atc":true,"social_pr":false,"enable_vlooping":true,"use_fimg":false,"color_ck":"","use_clicking_vimg":true,"enable_his":false,"pr_incoming_mess":false,"date_in":"3","remove_sold_out":false,"use_notify_me":true,"breadcrumb_pr":true,"back_next_pr":true,"ratio_img_main":"ratio_imgtrue","img_size_main":"nt_contain","img_pos_main":"8","ratio_img_thumb":"ratio_imgtrue","img_size_thumb":"nt_cover","img_pos_thumb":"8","share_source":"2","use_quickview":true,"use_pr_rating":true,"hide_btns":false,"use_qty":true,"sw_limit":true,"price_format":"1","show_pr_img":"2","hover_img":"2","pr_overlay":10,"use_quickshop":true,"use_buy_qs":true,"swatch_design":"2","style_color":"1","swatch_style":"1","swatch_size":"medium","show_pr_color":true,"show_color_type":"1","pr_swatch_setting":"1","swatch_home_size":"small","swatch_style_settings":"rounded","show_pr_size":true,"show_size_type":"2","size_ck":"","min_qty":"0","edit_item":"0","use_cart_cd":false,"cart_time":10,"cart_pos":"side","after_action_atc":"3","search_pos":"dropdown","ajax_search":true,"filter_type_search":false,"only_search_prs":true,"unavailable_prs":"last","prefix":"none","show_search_suggest":true,"blog_layout":"default","blog_sidebar":"none","blog_size_sidebar":"2","blog_slider":true,"lr_enable":true,"use_privacy_policy":false,"privacy_policy_link":"","login_side":true,"checkout_url":"","growave_social_login":false,"free_ship_pr":"","gift_wrap_pr":"","link_ship":"","link_conditions":"","ship_calc_df_country":"United States","show_locale_selector":true,"lang_pos":"0","show_multiple_currencies":true,"auto_currency":true,"currency_type":"1","flag_currency":true,"size_currency":"sm","currency_pos":"1","supported_currencies":"EUR - EUR | USD - USD | GBP - GBP| SEK -SEK","currency_format":"money_with_currency_format","round_currency":true,"notify_currency":true,"mess_currency":"All charges are billed in {{ currency }}. While the content of your cart is currently displayed in <span class=\"selected-currency\"><\/span>, the checkout will use {{ currency }} at the most current exchange rate.","hover_currency":true,"custom_css":false,"global_css":"","desktop_css":"","tablet_mobile_css":"","tablet_css":"","mobile_css":"","custom_js":false,"share_image":"","share_facebook":true,"share_twitter":true,"share_pinterest":true,"share_tumblr":true,"share_email":true,"share_telegram":true,"share_whatsapp":false,"social_facebook_link":"https:\/\/www.facebook.com\/Thegymhulk\/","social_twitter_link":"https:\/\/twitter.com\/Gymhulk_","social_instagram_link":"https:\/\/www.instagram.com\/gymhulkofficial\/","social_dribbble_link":"","social_linkedin_link":"","social_pinterest_link":"https:\/\/in.pinterest.com\/GYMHULK_\/_saved\/","social_tumblr_link":"","social_youtube_link":"","social_behance_link":"","social_soundcloud_link":"","favicon":"shopify:\/\/shop_images\/favicon_4d2f46d8-83d3-475b-a630-fe0fb3f5768a.png","favicon_apple":"shopify:\/\/shop_images\/favicon_c2337c0a-275f-406b-9859-bcd66440b803.png","checkout_header_image":"","checkout_logo_image":"shopify:\/\/shop_images\/Logo1.png","checkout_logo_position":"left","checkout_logo_size":"medium","checkout_body_background_image":"","checkout_body_background_color":"#fff","checkout_input_background_color_mode":"white","checkout_sidebar_background_image":"","checkout_sidebar_background_color":"#fafafa","checkout_heading_font":"-apple-system, BlinkMacSystemFont, 'Segoe UI', Roboto, Helvetica, Arial, sans-serif, 'Apple Color Emoji', 'Segoe UI Emoji', 'Segoe UI Symbol'","checkout_body_font":"-apple-system, BlinkMacSystemFont, 'Segoe UI', Roboto, Helvetica, Arial, sans-serif, 'Apple Color Emoji', 'Segoe UI Emoji', 'Segoe UI Symbol'","checkout_accent_color":"#197bbd","checkout_button_color":"#197bbd","checkout_error_color":"#e32c2b","bordered_grid":"1","atw_btn":"#222222","enable_import":true,"use_eq_thumb_height":false,"img_ratio_thumb":"ratio_nt","use_eq_nav_height":false,"img_ratio_nav":"ratio_nt","img_size_nav":"nt_cover","img_pos_nav":"8","hide_currency":false,"remove_currency":false,"sup_currency":false,"fv_counter":false,"favicon_animation":"pop","fv_bgcolor":"#56cfe1","fv_txtcolor":"#ffffff","enable_pro_pp":false,"operation_days":"Mon:1700-2100,Tue:1700-2100,Wed:1700-2200,Thu:1700-2200,Fri:1700-2300,Sat:1200-2300,Sun:1200-2100","timezones":"America\/Los_Angeles","sale_cl":"#ec0101","color_body_text":"#555555","color_price_sale":"#ec0101","color_lazyload":"#f5f5f5","color_secondary":"#1b1919","color_sale":"#ff4e00","color_new":"#56cfd9","color_sold_out":"#999","color_btn_slider":"#f76b6a","color_btn_slider_text":"#fff","color_btn_add":"#f76b6a","color_btn_add_text":"#fff","color_btn_qv":"#383838","color_btn_qv_text":"#fff","color_btn_vc":"#2d2d2d","color_btn_vc_text":"#fff","color_btn_ck":"#f76b6a","color_btn_ck_text":"#fff","color_threshold_bar":"#ff4b4b","color_ship":"#f76b6a","color_ship_bar":"#95bf47","color_add_page":"#f76b6a","color_add_page_text":"#fff","color_add_sticky":"#f76b6a","color_add_sticky_text":"#fff","border_color_tab":"#f76b6a","color_mbnav":"#f76b6a","color_mbnav_text":"#fff","color_vernav":"#f76b6a","color_vernav_text":"#fff","color_btn_now":"#000","color_btn_now_text":"#fff","color_input_new":"#333333","color_sign_up":"#f76b6a","color_sign_up_text":"#fff","color_backtop":"#f76b6a","color_backtop_text":"#fff","color_tooltip":"#383838","color_tooltip_text":"#fff","font_body_text":"poppins_n4","size_body_text":14.5,"body_line_height":1.2,"font_heading":"poppins_n4","titles_line_height":1.4,"size_heading":36,"size_text_h1":28,"size_text_h2":24,"size_text_h3":22,"size_text_h4":18,"size_text_h5":16,"size_text_h6":12,"fnt_sub_title":"libre_baskerville_i4","show_back_next_pr":true,"upsell_cart":"","show_custom_css":false,"show_custom_js":false,"color_sale_50":"#ff4e00","show_inline_t4css":true,"sections":{"header_top":{"type":"header_top","blocks":{"1595994733101":{"type":"social","settings":{"social":"2","border_bl":true,"black_bl":false,"hide":true,"col":"4"}},"1596007070336":{"type":"text2","settings":{"text":"<p>Free delivery on all order over £35 &amp; free Return;;;<\/p><p><\/p><p><\/p><p>Contactless delivery.<\/p><p><\/p><p><\/p>","effect":"1","au_time":3,"hide":false,"col":"4"}},"header_top-2":{"type":"cur","settings":{"hide":true,"col":"4"}}},"block_order":["1595994733101","1596007070336","header_top-2"],"settings":{"height":50,"fontsize":14,"cl":"#ffffff","cl_a":"#222222","cl_cr":"#b59677","bg":"#3e3e3e","bg_op":100,"show_border":false,"bd_cl":"#000000","cl_tr":"#ffffff","cl_a_tr":"#ffffff","cl_cr_tr":"#ec0101","bg_tr":"#3e3e3e","bg_op_tr":10,"show_border_tr":false,"bd_cl_tr":"#b3b3b3"}},"header_3":{"type":"header_3","blocks":{"6a76cedb-c673-46b8-a9dc-1eda6cf56276":{"type":"dropdown","settings":{"title":"SHOP ALL","url":"shopify:\/\/collections\/all","open_link":"_self","menu":"","icon":"","cus_cl":false,"cl":"#ec0101","lb":"","lb_cl":"","lazy_mn":true,"pos":"right"}},"1585641084245":{"type":"mega","settings":{"title":"MEN","url":"#","open_link":"_self","icon":"","cus_cl":false,"cl":"#ec0101","lb":"","lb_cl":"","lazy_mn":true,"pos":"center","wid":"full nav_t4cnt","cus_wid":350}},"334769b8-e878-4b78-8cf7-747292877557":{"type":"link","settings":{"tt_hd":"MENS CATEGORIES","open_link":"_blank","menu":"mens","col":"6"}},"3a3335bc-4e61-4802-a000-baffbc7e9a0a":{"type":"link","settings":{"tt_hd":"MENS COLLECTIONS","open_link":"_blank","menu":"womens-collections","col":"6"}},"1585641558196":{"type":"mega","settings":{"title":"WOMEN","url":"#","open_link":"_self","icon":"","cus_cl":false,"cl":"#ec0101","lb":"","lb_cl":"#ff3e11","lazy_mn":true,"pos":"center","wid":"full nav_t4cnt","cus_wid":350}},"6deda20e-5254-47fd-a91d-a7c903d651ba":{"type":"link","settings":{"tt_hd":"WOMENS CATEGORIES","open_link":"_self","menu":"womens-categories","col":"6"}},"a7ebde89-a205-437b-a428-239cc9450b1d":{"type":"dropdown","settings":{"title":"NEW","open_link":"_self","menu":"new","icon":"","cus_cl":false,"cl":"#ec0101","lb":"","lb_cl":"","lazy_mn":true,"pos":"right"}}},"block_order":["6a76cedb-c673-46b8-a9dc-1eda6cf56276","1585641084245","334769b8-e878-4b78-8cf7-747292877557","3a3335bc-4e61-4802-a000-baffbc7e9a0a","1585641558196","6deda20e-5254-47fd-a91d-a7c903d651ba","a7ebde89-a205-437b-a428-239cc9450b1d"],"settings":{"height":86,"arrow":false,"align":"tc","hover":"hover_side_up"}},"footer_top":{"type":"footer_top","blocks":{"1581507819652":{"type":"logo","settings":{"logo_width":210,"title":"GYMHULK","content":"","social_mode":"3","order":"1","cl":"3","cl_tb":"6","cl_mb":"12"}},"1581507828337":{"type":"menu","settings":{"title":"MENU","menu":"menu","order":"1","cl":"2","cl_tb":"6","cl_mb":"12"}},"1581507840818":{"type":"menu","settings":{"title":"Support","menu":"footer","order":"1","cl":"2","cl_tb":"6","cl_mb":"12"}},"6ae77a8e-39a0-46b8-9c8d-9d058282e2cf":{"type":"menu","settings":{"title":"ABOUT","menu":"about","order":"1","cl":"2","cl_tb":"6","cl_mb":"12"}},"7b13a2c7-eaf0-412a-bcab-0a0dc5946467":{"type":"text","settings":{"title":"STAY IN TOUCH","content":"<p><strong>Email<\/strong>: info@thegymhulk.com<\/p><p><\/p>","order":"1","cl":"15","cl_tb":"6","cl_mb":"12"}}},"block_order":["1581507819652","1581507828337","1581507840818","6ae77a8e-39a0-46b8-9c8d-9d058282e2cf","7b13a2c7-eaf0-412a-bcab-0a0dc5946467"],"settings":{"sticky":false,"accordions":true,"border":false,"bd_cl":"#ededed","cl_h":"#ffffff","cl":"#ffffff","cl_a":"#ffffff","cl_hover":"#b59677","cl_ip":"#ffffff","bd_ip":"#878787","cl_btn":"#b59677","bg":"#000000","bg_repeat":"no-repeat","bg_size":"cover","bg_att":"scroll","bg_pos":"center center","cl_overlay":"#000000","cl_opacity":0}},"footer_bot":{"type":"footer_bot","blocks":{"1581507860120":{"type":"copy","settings":{"text":"Copyright © [year] <span class=\"cp\"><a href=\"https:\/\/thegymhulk.myshopify.com\/\">GYMHULK<\/a><\/span> All Rights Reserved."}}},"block_order":["1581507860120"],"settings":{"layout":"6","bg":"#222222","cl":"#ffffff","cl_a":"#ffffff","cl_hover":"#b59677"}},"nt_custom_color":{"type":"nt_custom_color","blocks":{"1600078759493":{"type":"lb_menu","settings":{"title":"hot","color_1_c":"#ff3e11","color_txt":"#ffffff"}},"a4654bbf-368e-48b3-a43c-fe3e0b8da1d1":{"type":"nt_label","settings":{"title":"a","color_1_c":"#de0e0e","color_txt":"#ffffff"}},"f2f4bc3c-ff9f-4fc0-b4d1-8b95da630295":{"type":"lb_menu","settings":{"title":"xc","color_1_c":"#af3737","color_txt":"#ffffff"}}},"block_order":["1600078759493","a4654bbf-368e-48b3-a43c-fe3e0b8da1d1","f2f4bc3c-ff9f-4fc0-b4d1-8b95da630295"],"settings":{}},"cart_widget":{"type":"cart_widget","blocks":{"cart_widget-0":{"type":"price","settings":{}},"cart_widget-1":{"type":"tax","settings":{}},"cart_widget-2":{"type":"agree","settings":{}},"cart_widget-3":{"type":"btnc","settings":{}},"cart_widget-4":{"type":"btnck","settings":{}},"cart_widget-5":{"type":"btnmr","settings":{}},"cart_widget-6":{"type":"img","settings":{}},"cart_widget-7":{"type":"btn","settings":{"title":"Return To Shop","style":"primary tu"}}},"block_order":["cart_widget-0","cart_widget-1","cart_widget-2","cart_widget-3","cart_widget-4","cart_widget-5","cart_widget-6","cart_widget-7"],"settings":{"style":"1","pos":"2","calc_ship":true,"show_note":true,"show_rates":true,"show_discount":true,"show_gift_wrap":true}},"mb_nav":{"type":"mb_nav","blocks":{"mb_nav-0":{"type":"menu","settings":{"title":"NEW IN","open_link":"_self","menu":"new","icon":"","lb":"","lb_cl":""}},"mb_nav-1":{"type":"menu","settings":{"title":"MEN CATEGORIES","open_link":"_self","menu":"mens","icon":"","lb":"","lb_cl":""}},"mb_nav-2":{"type":"menu","settings":{"title":"WOMENS CATEGORIES","open_link":"_self","menu":"womens-categories","icon":"","lb":"","lb_cl":""}},"1585642902196":{"type":"menu","settings":{"title":"MEN COLLECTIONS","open_link":"_self","menu":"womens-collections","icon":"","lb":"","lb_cl":""}},"1585642908420":{"type":"menu","settings":{"title":"WOMEN COLLECTIONS","open_link":"_self","menu":"womens-collections-1","icon":"","lb":"","lb_cl":""}},"b30e9037-eb1b-450d-b6e5-b0fbdc6c3063":{"type":"compe","settings":{}},"mb_nav-5":{"type":"sea","settings":{}},"mb_nav-6":{"type":"acc","settings":{}},"mb_nav-7":{"type":"help","settings":{"title":"Need help?","text":"<i class=\"pegk pe-7s-mail fwb mr__10\"><\/i><a class=\"cg\" href=\"mailto:info@thegymhulk.com\">info@thegymhulk.com<\/a>"}},"mb_nav-8":{"type":"cur","settings":{}}},"block_order":["mb_nav-0","mb_nav-1","mb_nav-2","1585642902196","1585642908420","b30e9037-eb1b-450d-b6e5-b0fbdc6c3063","mb_nav-5","mb_nav-6","mb_nav-7","mb_nav-8"],"settings":{}},"mb_cat":{"type":"mb_cat","blocks":{"1585642130935":{"type":"cat","settings":{"cat":"mens","title":"Mens","menu":"","lb":"","lb_cl":"#e91e63","icons_op":"2","icon":"male"}},"1585642167981":{"type":"cat","settings":{"cat":"oversized","title":"Oversized Releases","menu":"","lb":"","lb_cl":"#e91e63","icons_op":"1","image":"shopify:\/\/shop_images\/2f6d0faa355125320122dc57e8b07084-tshirt-icon-by-vexels.png","icon":""}},"1585642277236":{"type":"cat","settings":{"cat":"t-shirts","title":"T-Shirts & Tops","menu":"","lb":"","lb_cl":"#e91e63","icons_op":"1","image":"shopify:\/\/shop_images\/t-shirt--v1.png","icon":"glasses"}},"1585642450066":{"type":"cat","settings":{"cat":"stringer-vests","title":"Tanks & Stringer Vests","menu":"","lb":"","lb_cl":"#e91e63","icons_op":"1","image":"shopify:\/\/shop_images\/5bcf34bfe1c209.74402458.png","icon":"camera-retro"}},"1585642600575":{"type":"cat","settings":{"cat":"hoodies","title":"Hoodies & Track Jackets","menu":"","lb":"","lb_cl":"#e91e63","icons_op":"1","image":"shopify:\/\/shop_images\/120049.png","icon":"shoe-prints"}},"1585642629333":{"type":"cat","settings":{"cat":"shorts","title":"Shorts","menu":"","lb":"","lb_cl":"#e91e63","icons_op":"1","image":"shopify:\/\/shop_images\/shorts.png","icon":"gem"}},"1585642644518":{"type":"cat","settings":{"cat":"all","title":"View All","menu":"","lb":"","lb_cl":"#e91e63","icons_op":"2","icon":"tshirt"}}},"block_order":["1585642130935","1585642167981","1585642277236","1585642450066","1585642600575","1585642629333","1585642644518"],"settings":{}},"toolbar_mobile":{"type":"toolbar_mobile","blocks":{"toolbar_mobile-0":{"type":"shop","settings":{"title":"Shop","link":""}},"1581912867486":{"type":"filter","settings":{"title":"Filter"}},"toolbar_mobile-2":{"type":"cart","settings":{"title":"Cart"}},"toolbar_mobile-3":{"type":"account","settings":{"title":"Account"}},"toolbar_mobile-4":{"type":"search","settings":{"title":"Search"}},"cd96df5f-965c-4216-a2c5-b6a892675911":{"type":"compe","settings":{"title":"Compare"}}},"block_order":["toolbar_mobile-0","1581912867486","toolbar_mobile-2","toolbar_mobile-3","toolbar_mobile-4","cd96df5f-965c-4216-a2c5-b6a892675911"],"settings":{"show_txt":true}},"1581505821233":{"type":"collection-list_packery","blocks":{"9f9af22c-9351-4eea-95d4-fc00b5e22ec3":{"type":"collection","settings":{"collection":"","image":"shopify:\/\/shop_images\/image0_28.jpg","img_align":"center","title":"."}},"1581505821233-3":{"type":"collection","settings":{"collection":"clothing","image":"shopify:\/\/shop_images\/image0_21_-_Copy.jpg","img_align":"top","title":"."}},"1581505821233-1":{"type":"collection","settings":{"collection":"clothing","image":"shopify:\/\/shop_images\/image0_10.jpg","img_align":"center","title":"."}},"1581505821233-2":{"type":"collection","settings":{"collection":"clothing","image":"shopify:\/\/shop_images\/image0_12.jpg","img_align":"center","title":"."}}},"block_order":["9f9af22c-9351-4eea-95d4-fc00b5e22ec3","1581505821233-3","1581505821233-1","1581505821233-2"],"settings":{"title":"EXPLORE ON INSTAGRAM @gymhulkofficial","sub_title":"","sub_font":"2","style_title":"title_1","ic_tt":"gem","show_clpr":false,"hoverz":true,"cat_design":"9","cat_space":"30","spn_txt":"see more","pr_txt":"","cat_lay4":1,"cat_lay5":5,"hidden":false,"cp_code":false,"layout":"nt_full","cl_bg":"","mg":"50px,,90px,","pd":"","mg_mb":",,60px,","pd_mb":""}},"1581505838591":{"type":"featured_collection","disabled":true,"settings":{"title":"LATEST PRODUCTS","sub_title":"","sub_font":"2","btn_title":"See all products","style_title":"title_1","ic_tt":"gem","show_clpr":false,"collection":"clothing","limit":6,"space":30,"use_pagination":"more","use_bar_lm":false,"btn_rd":false,"btn_icon":true,"btn_style":"primary","col_pr":"4","col_pr_tb":"3","col_pr_mb":"6","pr_des":"1 tc","show_vendor":false,"use_cdt":true,"round_cd":true,"cdt_des":"5","use_eq_height":false,"image_ratio":"ratio_nt","image_size":"nt_cover","image_position":"8","hidden":false,"cp_code":false,"layout":"container","cl_bg":"","mg":",,90px,","pd":"","mg_mb":",,60px,","pd_mb":""}},"1581508031759":{"type":"featured_blog","disabled":true,"settings":{"title":"LATES FROM BLOG","sub_title":"","sub_font":"2","btn_title":"See all posts","style_title":"title_1","ic_tt":"pencil-alt","show_clpr":false,"layout_des":"1","art_des":"1","blog":"life-style","limit":3,"use_pagination":"more","use_bar_lm":false,"btn_rd":true,"btn_icon":true,"btn_style":"primary","date":"date","col_pr":"4","col_pr_tb":"4","col_pr_mb":"12","show_cnt":true,"show_au":true,"show_dt":true,"show_cm":false,"show_rm":false,"loop":false,"au_time":0,"au_hover":true,"button":true,"btn_vi":"1","btn_owl":"1","btn_color":"3","dot":false,"dot_owl":"1","dot_color":"1","use_eq_height":true,"image_ratio":"ratio4_3","image_size":"nt_cover","image_position":"8","layout":"container","cl_bg":"#f7f7f7","mg":"","pd":"120px,,120px,","mg_mb":"","pd_mb":"60px,,60px,"}},"1581505806578":{"type":"slideshow","disabled":true,"blocks":{"1585640154849":{"type":"img","settings":{"image":"shopify:\/\/shop_images\/2.jpg","pos_img":"left top","cl_img":"","open_link":"_blank","caption_w":"1","cap_v_pos":50,"cap_h_pos":50,"txt_align":"tc_md","cap_v_pos_mb":100,"cap_h_pos_mb":50,"txt_align_mb":"tc","cl_overlay":"#000000","cl_opacity":10,"ani_img":"tran_ef","ani_txt":"bottom_top","bg_content_bl":false,"bg_content_cl":"#ffffff","bg_content_op":50,"content_pd":"40px 80px","content_pd_mb":"10px 20px","border_bl":false,"br_color":"#222222","br_style":"solid","br_pd":20,"br_pd_mb":10}},"1585640447349":{"type":"hd","settings":{"title":"WORKOUT FASHIONABLY","color":"#ffffff","fw_text":600,"fs_text":37.5,"lh_text":0,"ls_text":1,"fs_mb_text":25,"lh_mb_text":0,"ls_mb_text":0}},"1585640466340":{"type":"space","settings":{"sp":15,"sp_mb":10}},"1585640453760":{"type":"btn","settings":{"title":"SHOP NOW","btn_link":"shopify:\/\/collections\/mens","title2":"Shop Now","btn_round":false,"btn_icon":false,"cl_txt":"#222222","cl_bg":"#ffffff","cl_bd":"#ffffff","fs_text":14,"fw_text":400,"h":42,"ls_text":3,"fs_mb_text":14,"h_mb":40,"ls_mb_text":0}},"1585640492985":{"type":"space","settings":{"sp":25,"sp_mb":15}}},"block_order":["1585640154849","1585640447349","1585640466340","1585640453760","1585640492985"],"settings":{"se_height":"cus_h","use_custom_h":"1","h_des":"600px","h_tb":"600px","h_mb":"400px","effect":"1","loop":true,"autoplay":false,"au_time":8,"au_hover":true,"button":false,"btn_vi":"2","btn_owl":"1","btn_color":"0","dot":true,"dot_owl":"2","dot_color":"2","layout":"nt_full","cl_bg":"#ffffff","mg":"","pd":"","mg_mb":"","pd_mb":""}},"header_banner":{"type":"header_banner","settings":{"link":"shopify:\/\/collections\/trending","text":"Today deal sale off <strong>70% <\/strong>. End in [countdown].  Hurry Up <i class=\"las la-arrow-right\"><\/i>","countdown":"2020\/12\/19","height":41,"fontsize":12,"cl":"#fff","bg":"#e91e63","bg_op":100,"show_close":true,"show_icon":false,"txt_btn":"close","cl_btn":"#fff","ver":1,"date":60}},"cat_shop":{"type":"cat_shop","blocks":{"1585708473928":{"type":"cat","settings":{"collection":"","icon":""}},"1585708487707":{"type":"cat","settings":{"collection":"","icon":""}},"1585708576212":{"type":"cat","settings":{"collection":"","icon":""}},"1585708497192":{"type":"cat","settings":{"collection":"","icon":""}},"1585708590448":{"type":"cat","settings":{"collection":"","icon":""}},"1585708599819":{"type":"cat","settings":{"collection":"","icon":""}},"1585708606287":{"type":"cat","settings":{"collection":"","icon":""}},"1585708650045":{"type":"cat","settings":{"collection":"","icon":""}},"1585708658170":{"type":"cat","settings":{"collection":"","icon":""}},"1585708665193":{"type":"cat","settings":{"collection":"","icon":""}},"1585708676694":{"type":"cat","settings":{"collection":"","icon":""}}},"block_order":["1585708473928","1585708487707","1585708576212","1585708497192","1585708590448","1585708599819","1585708606287","1585708650045","1585708658170","1585708665193","1585708676694"],"settings":{"shown":true,"source":"2","sort":"alphabetical"}},"cat_heading":{"type":"cat_heading","blocks":{"cat_heading-0":{"type":"1","settings":{}},"cat_heading-1":{"type":"2","settings":{}}},"block_order":["cat_heading-0","cat_heading-1"],"settings":{"shown":false,"use_specify_image":true,"parallax":false,"color":"#000000","overlay":54,"padding":50,"bg_pos":"center center","bg_repeat":"no-repeat","bg_size":"cover","bg_att":"scroll"}},"nt_filter":{"type":"nt_filter","blocks":{"1581909372373":{"type":"color","settings":{"hidden_block":false,"title":"By Color","arra_enter":"Red,White,Brown,Blue, Black, Green, Grey, Sliver,Pink","use_auto_filter_tag":true,"key":"Color"}},"1581914074326":{"type":"other","settings":{"hidden_block":false,"title":"By Price","arra_enter":"","use_auto_filter_tag":true,"key":"Price","style":"ck"}},"1581913909406":{"type":"other","settings":{"hidden_block":false,"title":"By Size","arra_enter":"","use_auto_filter_tag":true,"key":"Size","style":"ck"}},"1581913174211":{"type":"brand","settings":{"hidden_block":false,"title":"By Brand","arra_enter":"","use_auto_filter_tag":true,"key":"Vendor","style":"ck"}},"aac2451a-8255-41ba-bb58-eb86f82ed456":{"type":"other","settings":{"hidden_block":false,"title":"By Other","arra_enter":"","use_auto_filter_tag":false,"key":"Other","style":"ck"}}},"block_order":["1581909372373","1581914074326","1581913909406","1581913174211","aac2451a-8255-41ba-bb58-eb86f82ed456"],"settings":{}},"collection_page":{"type":"collection_page","settings":{"limit":8,"space":30,"use_pagination":"default","use_bar_lm":true,"col_pr":"4","col_pr_tb":"4","col_pr_mb":"6","pr_des":"1","show_vendor":false,"use_cdt":false,"round_cd":false,"cdt_des":"1","use_eq_height":false,"image_ratio":"ratio_nt","image_size":"nt_cover","image_position":"8"}},"article-heading":{"type":"article-heading","blocks":{"article-heading-0":{"type":"1","settings":{}},"article-heading-1":{"type":"2","settings":{}},"article-heading-2":{"type":"3","settings":{}}},"block_order":["article-heading-0","article-heading-1","article-heading-2"],"settings":{"shown":true,"image":"","use_specify_image":true,"parallax":true,"color":"#000","overlay":54,"padding":50,"bg_pos":"center center","bg_repeat":"no-repeat","bg_size":"cover","bg_att":"scroll"}},"article-template":{"type":"article-template","blocks":{"article-template-0":{"type":"content","settings":{}},"article-template-1":{"type":"tags","settings":{}},"article-template-2":{"type":"social","settings":{"follow":false,"tooltip":true,"des":"2"}},"article-template-3":{"type":"nav","settings":{}},"article-template-4":{"type":"related","settings":{"title":"Related Articles","t_center":true,"limit":5,"date":"date","col_pr":"4","col_pr_tb":"4","col_pr_mb":"12","loop":false,"au_time":0,"au_hover":true,"button":true,"btn_vi":"2","btn_owl":"1","btn_color":"0","dot":true,"dot_owl":"1","dot_color":"1","use_eq_height":true,"image_ratio":"ratio4_3","image_size":"nt_cover","image_position":"8"}},"article-template-5":{"type":"comments","settings":{}}},"block_order":["article-template-0","article-template-1","article-template-2","article-template-3","article-template-4","article-template-5"],"settings":{}},"pr_summary":{"type":"pr_summary","blocks":{"pr_summary-0":{"type":"title","settings":{"size":16}},"pr_summary-1":{"type":"pricereview","settings":{"price":"0","show_available":false,"rating":true}},"pr_summary-2":{"type":"des","settings":{"des":"2","page":"","length":31,"readm":false,"readm_txt":"Read more"}},"pr_summary-3":{"type":"frm","settings":{"ani":"none","time":6,"btn_des":"3","btn_txt":"3","swatch_design":"8","style_color":"2","swatch_style":"1","swatch_size":"large","show_qty":true,"btn_atc_full":false,"enable_payment_btn":true}},"pr_summary-4":{"type":"size","settings":{"size_chart":"3","sc_type":"1","page":"sizing-chart","size_ck":"size,","delivery":true,"page_dr":"","ask":false}},"pr_summary-5":{"type":"meta","settings":{"show_pr_vendor":false,"show_sku":false,"show_category_product":false,"show_tag_product":true}},"b394636c-87f3-43a2-b850-35208e35b53c":{"type":"html","settings":{"page":"delivery-return"}}},"block_order":["pr_summary-0","pr_summary-1","pr_summary-2","pr_summary-3","pr_summary-4","pr_summary-5","b394636c-87f3-43a2-b850-35208e35b53c"],"settings":{}},"pr_description":{"type":"pr_description","blocks":{"pr_description-0":{"type":"des","settings":{"title":"Description"}}},"block_order":["pr_description-0"],"settings":{"show":true,"bgcl":"#f6f6f8","bgclmb":"#ffffff","des_w":"1","des_mb":"2","auto":false,"mg":"30px,,30px,","mg_mb":"0,,0,"}},"product-recommendations":{"type":"product-recommendations","settings":{"show":true,"title":"YOU MIGHT ALSO LIKE","sub_title":"","sub_font":"2","style_title":"title_5 lazyload","ic_tt":"gem","show_clpr":false,"display_type":"3","limit":6,"space":30,"col_pr":"3","col_pr_tb":"3","col_pr_mb":"6","pr_des":"1","show_vendor":false,"use_cdt":false,"round_cd":false,"cdt_des":"1","loop":true,"au_time":0,"au_hover":true,"button":true,"btn_vi":"2","btn_owl":"2","btn_color":"2","dot":false,"dot_owl":"1","dot_color":"1","use_eq_height":false,"image_ratio":"ratio_nt","image_size":"nt_cover","image_position":"8"}},"recently_viewed":{"type":"recently_viewed","settings":{"show":false,"unavailable_prs":"show","title":"Recently viewed products","sub_title":"","sub_font":"2","style_title":"title_1","ic_tt":"gem","show_clpr":false,"limit":6,"sortby":"3","space":30,"col_pr":"3","col_pr_tb":"3","col_pr_mb":"6","pr_des":"1","show_vendor":false,"use_cdt":false,"round_cd":false,"cdt_des":"1","loop":true,"au_time":0,"au_hover":true,"button":false,"btn_vi":"1","btn_owl":"1","btn_color":"0","dot":false,"dot_owl":"1","dot_color":"1","use_eq_height":false,"image_ratio":"ratio_nt","image_size":"nt_cover","image_position":"8"}},"list_cat_heading":{"type":"list_cat_heading","settings":{"shown":true,"image":"shopify:\/\/shop_images\/footer_1c665eb0-d320-4da3-906d-5ddb532c3c19.jpg","parallax":false,"color":"#000000","overlay":28,"padding":100,"bg_pos":"center center","bg_repeat":"no-repeat","bg_size":"cover","bg_att":"scroll"}},"list-collections-template":{"type":"list-collections-template","settings":{"layout":"default","hoverz":true,"cat_design":"9","cat_space":"30","display_type":"all","sort":"alphabetical","col":"4","col_md":"3","col_mb":"6","spn_txt":"Shop now","pr_txt":"products","use_eq_height":true,"image_ratio":"ratio1_1"}},"cart_heading":{"type":"cart_heading","blocks":{"cart_heading-0":{"type":"1","settings":{"title":"Shopping cart"}}},"block_order":["cart_heading-0"],"settings":{"image":"","parallax":false,"color":"#000","overlay":50,"padding":50,"bg_pos":"center center","bg_repeat":"no-repeat","bg_size":"cover","bg_att":"scroll"}},"cart-template":{"type":"cart-template","blocks":{"cart-template-0":{"type":"price","settings":{}},"cart-template-1":{"type":"tax","settings":{}},"cart-template-2":{"type":"agree","settings":{}},"cart-template-3":{"type":"btnck","settings":{}},"cart-template-4":{"type":"btnmr","settings":{}},"cart-template-5":{"type":"img","settings":{"image":"","wimg":50}},"cart-template-6":{"type":"btn","settings":{"title":"Return To Shop","url":"","style":"primary tu"}}},"block_order":["cart-template-0","cart-template-1","cart-template-2","cart-template-3","cart-template-4","cart-template-5","cart-template-6"],"settings":{"ajax_enable":true,"calc_ship":true,"show_note":true,"show_rates":true,"show_discount":true,"show_gift_wrap":true}},"cart_upsell":{"type":"cart_upsell","settings":{"show_section":true,"title":"Complete your cart","sub_title":"","style_title":"title_1","ic_tt":"gem","show_clpr":false,"collection":"","limit":6,"space_cat":"30","col_pr":"3","col_pr_tb":"3","col_pr_mb":"6","pr_des":"1","show_vendor":false,"sale_countdown":false,"collection_countdown_style":"dark","use_eq_height":false,"image_ratio":"ratio_nt","image_size":"nt_cover","image_position":"8"}},"blog-heading":{"type":"blog-heading","blocks":{"blog-heading-0":{"type":"1","settings":{}},"blog-heading-1":{"type":"2","settings":{}}},"block_order":["blog-heading-0","blog-heading-1"],"settings":{"shown":true,"image":"","parallax":false,"color":"#000","overlay":54,"padding":50,"bg_pos":"center center","bg_repeat":"no-repeat","bg_size":"cover","bg_att":"scroll"}},"blog-template":{"type":"blog-template","settings":{"shop_des":"default","art_des":"1","limit":5,"space":40,"use_pagination":"default","use_bar_lm":true,"btn_rd":true,"btn_style":"default","date":"date","col_pr":"6","col_pr_tb":"6","col_pr_mb":"12","show_au":true,"show_dt":true,"show_cm":false,"show_tg":true,"cl":"#fff","cl2":"#878787","bg":"#000","overlay":90,"des_cnt":"1","use_eq_height":true,"image_ratio":"ratio4_3","image_size":"nt_cover","image_position":"8","source":"0","count":true}},"blog-slider":{"type":"blog-slider","settings":{"blog":"life-style","limit":6,"date":"date","col_pr":"4","col_pr_tb":"4","col_pr_mb":"12","show_au":true,"show_dt":true,"loop":false,"au_time":0,"au_hover":true,"button":true,"btn_vi":"1","btn_owl":"1","btn_color":"0","dot":false,"dot_owl":"1","dot_color":"1","cl":"#fff","cl2":"#878787","bg":"#000","overlay":80,"use_eq_height":true,"image_ratio":"ratio4_3","image_size":"nt_cover","image_position":"8","layout":"nt_full"}},"bptf-heading":{"type":"bptf-heading","blocks":{"bptf-heading-0":{"type":"1","settings":{}},"bptf-heading-1":{"type":"2","settings":{}}},"block_order":["bptf-heading-0","bptf-heading-1"],"settings":{"shown":true,"image":"","parallax":false,"color":"#000","overlay":54,"padding":50,"bg_pos":"center center","bg_repeat":"no-repeat","bg_size":"cover","bg_att":"scroll"}},"bptf-template":{"type":"bptf-template","settings":{"ptf_layout":"default","shop_des":"masonry","limit":5,"space":30,"use_pagination":"default","use_bar_lm":true,"btn_rd":true,"btn_style":"default","col_pr":"6","col_pr_tb":"6","col_pr_mb":"12","use_eq_height":false,"image_ratio":"ratio_nt","image_size":"nt_cover","image_position":"8","source":"1","count":true}},"aptf-heading":{"type":"aptf-heading","blocks":{"aptf-heading-0":{"type":"1","settings":{}},"aptf-heading-1":{"type":"2","settings":{}}},"block_order":["aptf-heading-0","aptf-heading-1"],"settings":{"shown":true,"image":"","use_specify_image":true,"parallax":false,"color":"#000","overlay":54,"padding":50,"bg_pos":"center center","bg_repeat":"no-repeat","bg_size":"cover","bg_att":"scroll"}},"aptf-template":{"type":"aptf-template","blocks":{"aptf-template-0":{"type":"content","settings":{}},"aptf-template-1":{"type":"infos","settings":{"cat":true,"author":true,"tags":true}},"aptf-template-2":{"type":"social","settings":{"follow":false,"tooltip":true,"des":"2"}},"aptf-template-3":{"type":"nav","settings":{}},"aptf-template-4":{"type":"related","settings":{"title":"Related Portfolio","t_center":true,"limit":5,"date":"date","col_pr":"4","col_pr_tb":"4","col_pr_mb":"12","loop":false,"au_time":0,"au_hover":true,"button":true,"btn_vi":"2","btn_owl":"1","btn_color":"0","dot":true,"dot_owl":"1","dot_color":"1","use_eq_height":false,"image_ratio":"ratio_nt","image_size":"nt_cover","image_position":"8"}}},"block_order":["aptf-template-0","aptf-template-1","aptf-template-2","aptf-template-3","aptf-template-4"],"settings":{"ptf_layout":"default"}},"pages_heading":{"type":"pages_heading","blocks":{"pages_heading-0":{"type":"1","settings":{}}},"block_order":["pages_heading-0"],"settings":{"image":"shopify:\/\/shop_images\/footer_1c665eb0-d320-4da3-906d-5ddb532c3c19.jpg","parallax":false,"color":"#000000","overlay":34,"padding":87,"bg_pos":"center center","bg_repeat":"no-repeat","bg_size":"cover","bg_att":"scroll"}},"sticky_atc":{"type":"sticky_atc","settings":{"mb":true,"ani":"none","time":6}},"sales_popup":{"type":"sales_popup","settings":{"collection_id":"","limit":50,"index":false,"product":false,"collection":false,"article":false,"blog":false,"cart":false,"page":false,"pp_type":"2","start_time":5,"start_time_unit":"1000","stay_time":10,"stay_time_unit":"1000","show_cl":true,"show_qv":true,"list_user":"Nathan (California) | Alex (Texas) | Henry (New York) | Kiti (Ohio) | Daniel (Washington) | Hau (California) | Van (Ohio) | Sara (Montana)  | Kate (Georgia)","show_time":true,"list_time":"4 hours ago | 2 hours ago | 45 minutes ago | 1 day ago | 8 hours ago | 10 hours ago | 25 minutes ago | 2 day ago | 5 hours ago | 40 minutes ago","show_verify":true,"des":"1","pp_ani":"anislideInUp","txt1":"purchased","txt2":"Verified"}},"promo_pr_pp":{"type":"promo_pr_pp","settings":{"title":"Wait! Can't find what you're looking for?","sub_title":"Maybe this will help...","sub_font":"2","btn_title":"See all products","style_title":"title_1","ic_tt":"gem","show_clpr":false,"collection_id":"clothing","limit":8,"col_pr":"3","pr_des":"1","show_vendor":false,"use_cdt":false,"round_cd":false,"cdt_des":"1","loop":true,"au_time":0,"au_hover":true,"button":false,"btn_vi":"1","btn_owl":"1","btn_color":"0","dot":false,"dot_owl":"1","dot_color":"1","use_eq_height":false,"image_ratio":"ratio_nt","image_size":"nt_cover","image_position":"8","index":false,"product":false,"collection":false,"article":false,"blog":false,"cart":false,"page":false,"day_next":8}},"re_upsell":{"type":"re_upsell","settings":{"title":"You may also like","sub_title":"","sub_font":"2","style_title":"title_2","ic_tt":"gem","show_clpr":false,"display_type":"3","limit":6,"space":30,"col_pr":"3","col_pr_tb":"3","col_pr_mb":"6","pr_des":"1","show_vendor":false,"use_cdt":false,"round_cd":false,"cdt_des":"1","use_eq_height":false,"image_ratio":"ratio_nt","image_size":"nt_cover","image_position":"8"}},"page_meta_ntt4":{"type":"page_meta_ntt4","settings":{}},"img_meta_ntt4":{"type":"img_meta_ntt4","settings":{}},"1595988840822":{"type":"image_text_overlay","disabled":true,"blocks":{"1595988840822-2":{"type":"2","settings":{"font":"f_heading","title":"NEW: SEAMLESS RIBBED","color":"#ffffff","fw_text":600,"fs_text":30,"lh_text":0,"ls_text":0,"fs_mb_text":15,"lh_mb_text":0,"ls_mb_text":0,"hide":false}},"1595988840822-1":{"type":"6","settings":{"sp":20,"sp_mb":10}},"1595988840822-0":{"type":"1","settings":{"title":"FEEL LIMITLESS","color":"#ffffff","fw_text":700,"fs_text":25.5,"lh_text":0,"ls_text":0,"fs_mb_text":30,"lh_mb_text":0,"ls_mb_text":0}},"1595988840822-3":{"type":"6","settings":{"sp":20,"sp_mb":10}},"1595988840822-4":{"type":"3","settings":{"title":"SHOP NOW","btn_link":"shopify:\/\/collections\/new-for-women","open_link":"_blank","title2":"Shop Now 2","open_link2":"_blank","btn_round":true,"btn_icon":false,"cl_txt":"#222222","cl_bg":"#ffffff","cl_bd":"#ffffff","fs_text":14,"fw_text":500,"h":42,"ls_text":0,"fs_mb_text":14,"h_mb":40,"ls_mb_text":0}}},"block_order":["1595988840822-2","1595988840822-1","1595988840822-0","1595988840822-3","1595988840822-4"],"settings":{"se_height":"adapt","use_custom_h":"1","h_des":"500px","h_tb":"500px","h_mb":"350px","image":"shopify:\/\/shop_images\/banner2.jpg","use_pr":true,"img_align":"top","caption_w":"1","cap_v_pos":50,"cap_h_pos":100,"txt_align":"tc","use_shadow":true,"cl_overlay":"#000000","cl_opacity":0,"layout":"nt_full","cl_bg":"","mg":"","pd":"","mg_mb":"","pd_mb":""}},"nt_filter2":{"type":"nt_filter2","blocks":{"b5eb30a3-1cc6-46c3-9a2c-fa57492f6771":{"type":"type","settings":{"hidden_block":false,"count":true,"title":"PRODUCT TYPE","style":"ck"}},"nt_filter2-3":{"type":"color","settings":{"hidden_block":false,"count":true,"title":"COLOUR","key":"Color"}},"nt_filter2-2":{"type":"variants","settings":{"hidden_block":false,"count":true,"title":"SIZE","key":"Size","style":"ck"}},"nt_filter2-1":{"type":"price","settings":{"hidden_block":false,"title":"PRICE"}},"nt_filter2-0":{"type":"title","settings":{"hidden_block":true,"title":"By Title"}},"nt_filter2-4":{"type":"vendor","settings":{"hidden_block":true,"count":true,"title":"By Vendor","style":"ck"}},"nt_filter2-5":{"type":"available","settings":{"hidden_block":true,"count":false,"title":"Product status"}}},"block_order":["b5eb30a3-1cc6-46c3-9a2c-fa57492f6771","nt_filter2-3","nt_filter2-2","nt_filter2-1","nt_filter2-0","nt_filter2-4","nt_filter2-5"],"settings":{}},"sidebar_shop2":{"type":"sidebar_shop2","blocks":{"338f1f80-34ad-4adc-a6f6-c5d675264a83":{"type":"type","settings":{"hidden_block":false,"count":true,"title":"PRODUCT TYPE","style":"ck"}},"68d7977f-1b9f-4a28-a9e8-604eafac0880":{"type":"category","settings":{"title":"COLLECTION","cat_source":"1","cat_link_list":"womens-collections","count":true}},"sidebar_shop2-3":{"type":"color","settings":{"hidden_block":false,"count":true,"title":"COLOUR","key":"Color"}},"sidebar_shop2-2":{"type":"variants","settings":{"hidden_block":false,"count":true,"title":"SIZE","key":"Size","style":"ck"}},"sidebar_shop2-1":{"type":"price","settings":{"hidden_block":false,"title":"PRICE"}}},"block_order":["338f1f80-34ad-4adc-a6f6-c5d675264a83","68d7977f-1b9f-4a28-a9e8-604eafac0880","sidebar_shop2-3","sidebar_shop2-2","sidebar_shop2-1"],"settings":{}},"1596624928746":{"type":"instagram_feed","disabled":true,"blocks":{"1596624928746-0":{"type":"1","settings":{"title":"@ FOLLOW US ON INSTAGRAM","sub_title":"","sub_font":"2","style_title":"title_1","ic_tt":"gem","show_clpr":false}},"1596624928746-1":{"type":"img","settings":{}},"1596624928746-3":{"type":"img","settings":{}},"1596625080751":{"type":"img","settings":{}},"1596625123291":{"type":"img","settings":{}},"1596625119199":{"type":"img","settings":{}},"1596624928746-5":{"type":"img","settings":{}},"1596624928746-2":{"type":"img","settings":{}},"1596624928746-6":{"type":"img","settings":{}},"1596624928746-4":{"type":"img","settings":{}},"1596625109835":{"type":"img","settings":{}},"1596625121506":{"type":"img","settings":{}},"1596625107692":{"type":"img","settings":{}}},"block_order":["1596624928746-0","1596624928746-1","1596624928746-3","1596625080751","1596625123291","1596625119199","1596624928746-5","1596624928746-2","1596624928746-6","1596624928746-4","1596625109835","1596625121506","1596625107692"],"settings":{"open_link":"_self","layout_des":"2","space":"0","rounded_ins":"0","col_pr":"2","col_pr_tb":"3","col_pr_mb":"6","loop":false,"au_time":0,"au_hover":true,"button":true,"btn_vi":"2","btn_owl":"1","btn_color":"3","dot":false,"dot_owl":"1","dot_color":"1","use_eq_height":true,"image_ratio":"ratio1_1","image_size":"nt_cover","image_position":"8","layout":"nt_full","cl_bg":"#ffffff","mg":"120px,,,","pd":"","mg_mb":"60px,,,","pd_mb":""}},"1597058003104":{"type":"store_info","disabled":true,"settings":{"max_width":700,"html":"<h3>GECKO STORE<\/h3><p>184 Main Rd E, St Albans VIC 3021, Australia<\/p><div class=\"separate\"><\/div><h4>Opening Hours<\/h4><p>Monday to Friday: 9:00 AM – 9:00 PM<br>Saturday to Sunday: 9:30 AM – 8:00 PM<\/p>","use_pr":true,"img_align":"center","cl_heading":"#ffffff","bg_cl":"#b59677","cl_opacity":80,"layout":"nt_full","cl_bg":"#f5f5f5","mg":"","pd":"120px,,120px,","mg_mb":"","pd_mb":"50px,,50px,"}},"1597120285267":{"type":"tab_collection_owl","disabled":true,"blocks":{"1597120285267-0":{"type":"collection","settings":{"title":"Best Seller","collection":"clothing","limit":3,"space":30,"use_pagination":"none","btn_rd":true,"btn_icon":false,"btn_style":"default","col_pr":"4","col_pr_tb":"4","col_pr_mb":"6","pr_des":"1 tc","show_vendor":false,"use_cdt":false,"round_cd":false,"cdt_des":"1","use_eq_height":false,"image_ratio":"ratio_nt","image_size":"nt_cover","image_position":"8","loop":true,"au_time":0,"au_hover":true,"button":true,"btn_vi":"1","btn_owl":"1","btn_color":"0","dot":false,"dot_owl":"1","dot_color":"1"}},"1597120285267-1":{"type":"collection","settings":{"title":"Sale","collection":"clothing","limit":3,"space":30,"use_pagination":"none","btn_rd":true,"btn_icon":false,"btn_style":"default","col_pr":"4","col_pr_tb":"4","col_pr_mb":"6","pr_des":"1 tc","show_vendor":false,"use_cdt":false,"round_cd":false,"cdt_des":"1","use_eq_height":false,"image_ratio":"ratio_nt","image_size":"nt_cover","image_position":"8","loop":true,"au_time":0,"au_hover":true,"button":true,"btn_vi":"1","btn_owl":"1","btn_color":"0","dot":false,"dot_owl":"1","dot_color":"1"}},"1597120285267-2":{"type":"collection","settings":{"title":"Featured","collection":"clothing","limit":3,"space":30,"use_pagination":"none","btn_rd":true,"btn_icon":false,"btn_style":"default","col_pr":"4","col_pr_tb":"4","col_pr_mb":"6","pr_des":"1 tc","show_vendor":false,"use_cdt":false,"round_cd":false,"cdt_des":"1","use_eq_height":false,"image_ratio":"ratio_nt","image_size":"nt_cover","image_position":"8","loop":true,"au_time":0,"au_hover":true,"button":true,"btn_vi":"1","btn_owl":"1","btn_color":"0","dot":false,"dot_owl":"1","dot_color":"1"}},"1597126760834":{"type":"collection","settings":{"title":"Top Rate","collection":"clothing","limit":3,"space":30,"use_pagination":"none","btn_rd":true,"btn_icon":false,"btn_style":"default","col_pr":"4","col_pr_tb":"4","col_pr_mb":"6","pr_des":"1 tc","show_vendor":false,"use_cdt":false,"round_cd":false,"cdt_des":"1","use_eq_height":false,"image_ratio":"ratio_nt","image_size":"nt_cover","image_position":"8","loop":true,"au_time":0,"au_hover":true,"button":true,"btn_vi":"1","btn_owl":"1","btn_color":"0","dot":false,"dot_owl":"1","dot_color":"1"}}},"block_order":["1597120285267-0","1597120285267-1","1597120285267-2","1597126760834"],"settings":{"title":"OUR PRODUCTS","sub_title":"","sub_font":"2","style_title":"title_1","ic_tt":"gem","show_clpr":false,"des_tab":"2","layout":"container","cl_bg":"","mg":"120px,,120px,","pd":"","mg_mb":"60px,,60px,","pd_mb":""}},"header_4":{"type":"header_4","blocks":{"header_4-0":{"type":"simple","settings":{"title":"Heading 1","url":"#","open_link":"_self","icon":"","cus_cl":false,"cl":"#ec0101","lb":"","lb_cl":"rgba(0,0,0,0)"}},"header_4-1":{"type":"simple","settings":{"title":"Heading 2","url":"#","open_link":"_self","icon":"","cus_cl":false,"cl":"#ec0101","lb":"","lb_cl":"rgba(0,0,0,0)"}}},"block_order":["header_4-0","header_4-1"],"settings":{"height":62,"height_2":63,"arrow":false,"border":true,"color":"#ececec","source":"1","txt":"Welcome to our store!","social":"2","align":"tc","hover":"hover_side_up"}},"header_5":{"type":"header_5","blocks":{"header_5-0":{"type":"simple","settings":{"title":"Heading 1","url":"#","open_link":"_self","icon":"","cus_cl":false,"cl":"#ec0101","lb":"","lb_cl":"rgba(0,0,0,0)"}},"header_5-1":{"type":"simple","settings":{"title":"Heading 2","url":"#","open_link":"_self","icon":"","cus_cl":false,"cl":"#ec0101","lb":"","lb_cl":"rgba(0,0,0,0)"}}},"block_order":["header_5-0","header_5-1"],"settings":{"height":62,"arrow":false,"align":"tl","hover":"hover_side_up"}},"header_6":{"type":"header_6","settings":{"height":62,"source":"2","txt":"Welcome to our store!","social":"2"}},"header_7":{"type":"header_7","blocks":{"header_7-0":{"type":"menu","settings":{"title":"Heading 1","url":"#","open_link":"_self","menu":"","icon":"","cus_cl":false,"cl":"#ec0101","lb":"","lb_cl":"rgba(0,0,0,0)"}},"header_7-1":{"type":"menu","settings":{"title":"Heading 2","url":"#","open_link":"_self","menu":"","icon":"","cus_cl":false,"cl":"#ec0101","lb":"","lb_cl":"rgba(0,0,0,0)"}}},"block_order":["header_7-0","header_7-1"],"settings":{"show_currencies":true,"source":"2","txt":"Welcome to our store!","social":"2"}},"header_8":{"type":"header_8","blocks":{"header_8-0":{"type":"simple","settings":{"title":"Heading 1","url":"#","open_link":"_self","icon":"","cus_cl":false,"cl":"#ec0101","lb":"","lb_cl":"rgba(0,0,0,0)"}},"header_8-1":{"type":"simple","settings":{"title":"Heading 2","url":"#","open_link":"_self","icon":"","cus_cl":false,"cl":"#ec0101","lb":"","lb_cl":"rgba(0,0,0,0)"}}},"block_order":["header_8-0","header_8-1"],"settings":{"height":90,"height_2":50,"arrow":false,"border":true,"color":"#dddddd","align":"tl","hover":"hover_side_up","bg":"#56cfe1","cl_txt":"#ffffff","text":"<i class=\"las la-phone fs__14\"><\/i> +01 23456789 <i class=\"las la-envelope fs__14 ml__15\"><\/i> <a class=\"cg\" href=\"mailto:Gecko@domain.com\">Gecko@domain.com<\/a>","shop_cat":true,"txt_cat":"SHOP BY CATEGORY","bgcat":"#007e91","clcat":"#ffffff"}},"hcat_nav":{"type":"hcat_nav","blocks":{"hcat_nav-0":{"type":"simple","settings":{"title":"Heading 1","url":"#","icons_op":"2","icon":"chair","cus_cl":false,"cl":"#ec0101","lb":"","lb_cl":"rgba(0,0,0,0)"}},"hcat_nav-1":{"type":"simple","settings":{"title":"Heading 2","url":"#","icons_op":"2","icon":"chair","cus_cl":false,"cl":"#ec0101","lb":"","lb_cl":"rgba(0,0,0,0)"}}},"block_order":["hcat_nav-0","hcat_nav-1"],"settings":{}},"header_9":{"type":"header_9","blocks":{"header_9-0":{"type":"simple","settings":{"title":"Heading 1","url":"#","open_link":"_self","icon":"","cus_cl":false,"cl":"#ec0101","lb":"","lb_cl":"rgba(0,0,0,0)"}},"header_9-1":{"type":"simple","settings":{"title":"Heading 2","url":"#","open_link":"_self","icon":"","cus_cl":false,"cl":"#ec0101","lb":"","lb_cl":"rgba(0,0,0,0)"}}},"block_order":["header_9-0","header_9-1"],"settings":{"height":92,"arrow":false,"align":"tl","hover":"hover_side_up"}},"header_10":{"type":"header_10","settings":{"height":80}},"us_heading":{"type":"us_heading","blocks":{"us_heading-0":{"type":"1","settings":{"title":"ABOUT US"}},"us_heading-1":{"type":"2","settings":{"text":"<p>Follow your passion, and sucess will follow you<\/p>"}}},"block_order":["us_heading-0","us_heading-1"],"settings":{"parallax":false,"color":"#000000","overlay":54,"padding":50,"bg_pos":"center center","bg_repeat":"no-repeat","bg_size":"cover","bg_att":"scroll"}},"page_about_us":{"type":"page_about_us","blocks":{"page_about_us-0":{"type":"1","settings":{"title":"OUR MISSION","content":"Sed ut perspiciatis unde omnis iste natus error sit voluptatem accusantium doloremque laudantium, <em>totam rem aperiam, eaque ipsa quae ab illo inventore veritatis et quasi architecto beatae<\/em> vitae dicta sunt explicabo nemo enim ipsam.","al":"txtn","cl":"6","cl_mb":"12"}},"page_about_us-1":{"type":"1","settings":{"title":"OUR MISSION","content":"Sed ut perspiciatis unde omnis iste natus error sit voluptatem accusantium doloremque laudantium, <em>totam rem aperiam, eaque ipsa quae ab illo inventore veritatis et quasi architecto beatae<\/em> vitae dicta sunt explicabo nemo enim ipsam.","al":"txtn","cl":"6","cl_mb":"12"}},"page_about_us-2":{"type":"1","settings":{"title":"OUR MISSION","content":"Sed ut perspiciatis unde omnis iste natus error sit voluptatem accusantium doloremque laudantium, <em>totam rem aperiam, eaque ipsa quae ab illo inventore veritatis et quasi architecto beatae<\/em> vitae dicta sunt explicabo nemo enim ipsam.","al":"txtn","cl":"6","cl_mb":"12"}},"page_about_us-3":{"type":"1","settings":{"title":"OUR MISSION","content":"Sed ut perspiciatis unde omnis iste natus error sit voluptatem accusantium doloremque laudantium, <em>totam rem aperiam, eaque ipsa quae ab illo inventore veritatis et quasi architecto beatae<\/em> vitae dicta sunt explicabo nemo enim ipsam.","al":"txtn","cl":"6","cl_mb":"12"}},"page_about_us-4":{"type":"2","settings":{"title":"I am text block. Click edit button to change this text. Lorem ipsum dolor sit amet, consectetur adipiscing elit. Ut elit tellus, luctus nec ullamcorper mattis, pulvinar dapibus leo. Quis autem vel eum iure reprehenderit qui in ea voluptate velit esse quam nihil molestiae consequatur, vel illum qui dolorem eum fugiat quo voluptas nulla pariatur? Quis nostrum exercitationem ullam."}},"page_about_us-5":{"type":"3","settings":{"title":"Add a name","position":"Developer","facebook":"","twitter":"","dribbble":"","behance":""}},"page_about_us-6":{"type":"3","settings":{"title":"Add a name","position":"Developer","facebook":"","twitter":"","dribbble":"","behance":""}},"page_about_us-7":{"type":"3","settings":{"title":"Add a name","position":"Developer","facebook":"","twitter":"","dribbble":"","behance":""}},"4143db8f-06cf-493a-ae3c-e9974cd2e53f":{"type":"6","settings":{"html":"<p>Sed ut perspiciatis unde omnis iste natus error sit voluptatem accusantium doloremque laudantium, <em>totam rem aperiam, eaque ipsa quae ab illo inventore veritatis et quasi architecto beatae<\/em> vitae dicta sunt explicabo nemo enim ipsam.<\/p>","cl":"12","cl_mb":"12"}}},"block_order":["page_about_us-0","page_about_us-1","page_about_us-2","page_about_us-3","page_about_us-4","page_about_us-5","page_about_us-6","page_about_us-7","4143db8f-06cf-493a-ae3c-e9974cd2e53f"],"settings":{}},"1617419662b594d4d3":{"type":"featured_collection_owl","disabled":true,"settings":{"title":"MEN T-SHIRT","sub_title":"","sub_font":"2","btn_title":"See all products","style_title":"title_5 lazyload","ic_tt":"gem","show_clpr":false,"collection":"mens","limit":8,"space":30,"use_pagination":"none","btn_rd":true,"btn_icon":false,"btn_style":"default","col_pr":"3","col_pr_tb":"6","col_pr_mb":"6","pr_des":"1","show_vendor":false,"use_cdt":false,"round_cd":false,"cdt_des":"1","loop":true,"au_time":0,"au_hover":true,"button":true,"btn_vi":"2","btn_owl":"2","btn_color":"2","dot":false,"dot_owl":"1","dot_color":"1","use_eq_height":false,"image_ratio":"ratio_nt","image_size":"nt_cover","image_position":"8","hidden":false,"cp_code":false,"layout":"wrap","cl_bg":"","mg":"50px,,50px,","pd":"","mg_mb":"","pd_mb":""}},"161742223659c444e6":{"type":"featured_collection_owl","disabled":true,"settings":{"title":"SEAMLESS RIBBED","sub_title":"","sub_font":"2","btn_title":"See all products","style_title":"title_5 lazyload","ic_tt":"gem","show_clpr":false,"collection":"new-for-women","limit":8,"space":30,"use_pagination":"none","btn_rd":true,"btn_icon":false,"btn_style":"default","col_pr":"3","col_pr_tb":"3","col_pr_mb":"6","pr_des":"1","show_vendor":false,"use_cdt":false,"round_cd":false,"cdt_des":"1","loop":true,"au_time":0,"au_hover":true,"button":true,"btn_vi":"2","btn_owl":"2","btn_color":"2","dot":false,"dot_owl":"1","dot_color":"1","use_eq_height":false,"image_ratio":"ratio_nt","image_size":"nt_cover","image_position":"8","hidden":false,"cp_code":false,"layout":"wrap","cl_bg":"","mg":"50px,,50px,","pd":"","mg_mb":"","pd_mb":""}},"1617422668b1f3706b":{"type":"image_text_overlay","blocks":{"1617422668b1f3706b-0":{"type":"1","settings":{"title":"STAY FIT & ACHIVE GREATNESS","color":"#ffffff","fw_text":600,"fs_text":27.5,"lh_text":9,"ls_text":0,"fs_mb_text":15,"lh_mb_text":0,"ls_mb_text":0}},"1617422668b1f3706b-1":{"type":"6","settings":{"sp":21,"sp_mb":10}},"1617422668b1f3706b-3":{"type":"6","settings":{"sp":10,"sp_mb":10}},"1617422668b1f3706b-4":{"type":"3","settings":{"title":"MENS","btn_link":"shopify:\/\/collections\/mens","open_link":"_blank","title2":"","open_link2":"_blank","btn_round":true,"btn_icon":false,"cl_txt":"#000000","cl_bg":"#ffffff","cl_bd":"#ffffff","fs_text":14,"fw_text":600,"h":40,"ls_text":0,"fs_mb_text":14,"h_mb":40,"ls_mb_text":0}}},"block_order":["1617422668b1f3706b-0","1617422668b1f3706b-1","1617422668b1f3706b-3","1617422668b1f3706b-4"],"settings":{"se_height":"full","use_custom_h":"1","h_des":"600px","h_tb":"500px","h_mb":"350px","image":"shopify:\/\/shop_images\/3.jpg","use_pr":false,"img_align":"center","caption_w":"2","cap_v_pos":50,"cap_h_pos":50,"txt_align":"tc","use_shadow":false,"cl_overlay":"#000000","cl_opacity":0,"layout":"nt_full","cl_bg":"","mg":"50px,,50px,","pd":"","mg_mb":"","pd_mb":""}},"1617425301e80cc602":{"type":"featured_collection_owl","disabled":true,"settings":{"title":"TRENDING FOR MEN","sub_title":"","sub_font":"2","btn_title":"See all products","style_title":"title_5 lazyload","ic_tt":"gem","show_clpr":false,"collection":"mens","limit":8,"space":30,"use_pagination":"none","btn_rd":true,"btn_icon":false,"btn_style":"default","col_pr":"3","col_pr_tb":"3","col_pr_mb":"6","pr_des":"1","show_vendor":false,"use_cdt":false,"round_cd":false,"cdt_des":"1","loop":true,"au_time":0,"au_hover":true,"button":true,"btn_vi":"2","btn_owl":"2","btn_color":"2","dot":false,"dot_owl":"1","dot_color":"1","use_eq_height":false,"image_ratio":"ratio_nt","image_size":"nt_cover","image_position":"8","hidden":false,"cp_code":false,"layout":"wrap","cl_bg":"","mg":"50px,,50px,","pd":"","mg_mb":"","pd_mb":""}},"161742769811f70215":{"type":"newsletter3","blocks":{"1617427698dcc960ef-0":{"type":"1","settings":{"title":"JOIN THE GYMHULK FOR LATEST DROP, SALE","color":"#ffffff","fw_text":500,"fs_text":26,"lh_text":0,"ls_text":0,"fs_mb_text":15,"lh_mb_text":0,"ls_mb_text":0}},"1617427698dcc960ef-1":{"type":"6","settings":{"sp":17,"sp_mb":10}},"1617427698dcc960ef-2":{"type":"2","settings":{"font":"f_body","title":"","color":"#878787","fw_text":400,"fs_text":14,"lh_text":0,"ls_text":0,"fs_mb_text":14,"lh_mb_text":0,"ls_mb_text":0,"hide":false}},"1617427698dcc960ef-3":{"type":"6","settings":{"sp":10,"sp_mb":10}},"1617427698dcc960ef-4":{"type":"3","settings":{"cl_all":"#878787","cl_bd":"#222222","cl_ip":"#222222","cl_btn":"#ffffff","bg_btn":"#222222","newl_des":"3","btn_icon":false}}},"block_order":["1617427698dcc960ef-0","1617427698dcc960ef-1","1617427698dcc960ef-2","1617427698dcc960ef-3","1617427698dcc960ef-4"],"settings":{"pos":"tc","image":"shopify:\/\/shop_images\/in-the-gym-1170496_960_720.jpg","cl_overlay":"#0b0909","cl_opacity":15,"se_bg":"","use_pr":true,"layout":"nt_full","mg":"0","pd":"100px,0,50px","mg_mb":"","pd_mb":""}},"pr-sidebar":{"type":"pr-sidebar","blocks":{"pr-sidebar-0":{"type":"shipping","settings":{"title":"Shipping & Delivery","shipping_1":"truck,FREE SHIPPING,Free shipping for all US order","shipping_2":"headset,SUPPORT 24\/7,We support 24 hours a day","shipping_3":"exchange-alt,30 DAYS RETURN,You have 30 days to return","shipping_4":"","shipping_5":"","shipping_6":""}},"pr-sidebar-1":{"type":"instagram","settings":{"title":"Instagram","acc2":"","limit":9,"open_link":"_blank","space":"2","rounded_ins":"0","col_pr":"4","col_pr_tb":"4","col_pr_mb":"4"}},"pr-sidebar-2":{"type":"text","settings":{"title":"Talk about your brand","text":"<p>Use this text to share information about your brand with your customers. Describe a product, share announcements, or welcome customers to your store.<\/p>"}}},"block_order":["pr-sidebar-0","pr-sidebar-1","pr-sidebar-2"],"settings":{}},"161778962308561e78":{"type":"slideshow","disabled":true,"blocks":{"161778962308561e78-0":{"type":"img","settings":{"image":"shopify:\/\/shop_images\/banner3.jpg","pos_img":"center center","cl_img":"","open_link":"_blank","caption_w":"2","cap_v_pos":50,"cap_h_pos":39,"txt_align":"tl_md","cap_v_pos_mb":50,"cap_h_pos_mb":39,"txt_align_mb":"tl","cl_overlay":"#000000","cl_opacity":0,"ani_img":"none","ani_txt":"none","bg_content_bl":false,"bg_content_cl":"#ffffff","bg_content_op":50,"content_pd":"40px 80px","content_pd_mb":"10px 20px","border_bl":false,"br_color":"#222222","br_style":"solid","br_pd":20,"br_pd_mb":10}},"161778962308561e78-1":{"type":"hd","settings":{"title":"STAY MOTIVATED","color":"#ffffff","fw_text":600,"fs_text":30,"lh_text":0,"ls_text":0,"fs_mb_text":15,"lh_mb_text":0,"ls_mb_text":0}},"161778962308561e78-2":{"type":"space","settings":{"sp":20,"sp_mb":10}},"161778962308561e78-3":{"type":"subhd","settings":{"font":"f__libre","title":"EXPLORE YOUR FUTURE FAVOURITES","color":"#ffffff","fw_text":400,"fs_text":14,"lh_text":0,"ls_text":0,"fs_mb_text":14,"lh_mb_text":0,"ls_mb_text":0,"hide":false}},"161778962308561e78-4":{"type":"space","settings":{"sp":20,"sp_mb":10}},"161778962308561e78-5":{"type":"btn","settings":{"title":"Shop Now","title2":"Shop Now","btn_round":true,"btn_icon":false,"cl_txt":"#ffffff","cl_bg":"#222222","cl_bd":"#222222","fs_text":14,"fw_text":600,"h":40,"ls_text":0,"fs_mb_text":14,"h_mb":40,"ls_mb_text":0}},"161778962308561e78-6":{"type":"img","settings":{"pos_img":"center center","cl_img":"","open_link":"_blank","caption_w":"2","cap_v_pos":50,"cap_h_pos":39,"txt_align":"tl_md","cap_v_pos_mb":50,"cap_h_pos_mb":39,"txt_align_mb":"tl","cl_overlay":"#000000","cl_opacity":0,"ani_img":"none","ani_txt":"none","bg_content_bl":false,"bg_content_cl":"#ffffff","bg_content_op":50,"content_pd":"40px 80px","content_pd_mb":"10px 20px","border_bl":false,"br_color":"#222222","br_style":"solid","br_pd":20,"br_pd_mb":10}},"161778962308561e78-7":{"type":"hd","settings":{"title":"Best shopify theme 2020","color":"#ffffff","fw_text":600,"fs_text":30,"lh_text":0,"ls_text":0,"fs_mb_text":15,"lh_mb_text":0,"ls_mb_text":0}},"161778962308561e78-8":{"type":"space","settings":{"sp":20,"sp_mb":10}},"161778962308561e78-9":{"type":"subhd","settings":{"font":"f__libre","title":"Gecko v1","color":"#ffffff","fw_text":400,"fs_text":14,"lh_text":0,"ls_text":0,"fs_mb_text":14,"lh_mb_text":0,"ls_mb_text":0,"hide":false}},"161778962308561e78-10":{"type":"space","settings":{"sp":20,"sp_mb":10}},"161778962308561e78-11":{"type":"btn","settings":{"title":"Shop Now","title2":"Shop Now","btn_round":true,"btn_icon":false,"cl_txt":"#ffffff","cl_bg":"#222222","cl_bd":"#222222","fs_text":14,"fw_text":600,"h":40,"ls_text":0,"fs_mb_text":14,"h_mb":40,"ls_mb_text":0}}},"block_order":["161778962308561e78-0","161778962308561e78-1","161778962308561e78-2","161778962308561e78-3","161778962308561e78-4","161778962308561e78-5","161778962308561e78-6","161778962308561e78-7","161778962308561e78-8","161778962308561e78-9","161778962308561e78-10","161778962308561e78-11"],"settings":{"se_height":"adapt","use_custom_h":"1","h_des":"600px","h_tb":"500px","h_mb":"350px","effect":"1","loop":true,"autoplay":false,"au_time":6,"au_hover":true,"button":false,"btn_vi":"1","btn_owl":"1","btn_color":"0","dot":true,"dot_owl":"1","dot_color":"1","layout":"nt_full","cl_bg":"","mg":",,50px,","pd":"","mg_mb":"","pd_mb":""}},"161785290181b036d0":{"type":"featured_collection_owl2","disabled":true,"settings":{"title":"Collection Slider","sub_title":"Sub Text","sub_font":"2","btn_title":"See all products","style_title":"title_1","ic_tt":"gem","show_clpr":false,"collection":"womens","limit":8,"space":30,"use_pagination":"none","btn_rd":true,"btn_icon":false,"btn_style":"default","col_pr":"3","col_pr_tb":"3","col_pr_mb":"6","pr_des":"1","show_vendor":false,"use_cdt":false,"round_cd":false,"cdt_des":"1","loop":true,"au_time":0,"au_hover":true,"button":false,"btn_vi":"1","btn_owl":"1","btn_color":"0","dot":true,"dot_owl":"1","dot_color":"1","use_eq_height":false,"image_ratio":"ratio_nt","image_size":"nt_cover","image_position":"8","hidden":false,"cp_code":false,"layout":"wrap","cl_bg":"","mg":"50px,,50px,","pd":"","mg_mb":"","pd_mb":""}},"16178543923c6d121c":{"type":"featured_collection_owl2","settings":{"title":"GYMHULK ACTIVE T-SHIRT","sub_title":"","sub_font":"2","btn_title":"See all products","style_title":"title_5 lazyload","ic_tt":"gem","show_clpr":false,"collection":"t-shirts","limit":8,"space":30,"use_pagination":"none","btn_rd":true,"btn_icon":false,"btn_style":"default","col_pr":"3","col_pr_tb":"3","col_pr_mb":"6","pr_des":"1","show_vendor":false,"use_cdt":false,"round_cd":false,"cdt_des":"1","loop":true,"au_time":0,"au_hover":true,"button":true,"btn_vi":"2","btn_owl":"2","btn_color":"2","dot":false,"dot_owl":"1","dot_color":"1","use_eq_height":false,"image_ratio":"ratio_nt","image_size":"nt_cover","image_position":"8","hidden":false,"cp_code":false,"layout":"wrap","cl_bg":"","mg":"50px,,50px,","pd":"","mg_mb":"","pd_mb":""}},"16178552400d280f49":{"type":"featured_collection_owl2","settings":{"title":"TRENDING FOR MEN","sub_title":"","sub_font":"2","btn_title":"See all products","style_title":"title_5 lazyload","ic_tt":"gem","show_clpr":false,"collection":"mens","limit":8,"space":30,"use_pagination":"none","btn_rd":true,"btn_icon":false,"btn_style":"default","col_pr":"3","col_pr_tb":"3","col_pr_mb":"6","pr_des":"1","show_vendor":false,"use_cdt":false,"round_cd":false,"cdt_des":"1","loop":true,"au_time":0,"au_hover":true,"button":true,"btn_vi":"2","btn_owl":"2","btn_color":"2","dot":false,"dot_owl":"1","dot_color":"1","use_eq_height":false,"image_ratio":"ratio_nt","image_size":"nt_cover","image_position":"8","hidden":false,"cp_code":false,"layout":"wrap","cl_bg":"","mg":"50px,,50px,","pd":"","mg_mb":"","pd_mb":""}},"contact_heading":{"type":"contact_heading","blocks":{"contact_heading-0":{"type":"1","settings":{}}},"block_order":["contact_heading-0"],"settings":{"image":"shopify:\/\/shop_images\/footer_1c665eb0-d320-4da3-906d-5ddb532c3c19.jpg","parallax":false,"color":"#000000","overlay":15,"padding":84,"bg_pos":"center center","bg_repeat":"no-repeat","bg_size":"cover","bg_att":"scroll"}},"sea_heading":{"type":"sea_heading","blocks":{"sea_heading-0":{"type":"1","settings":{}}},"block_order":["sea_heading-0"],"settings":{"parallax":false,"color":"#000","overlay":54,"padding":50,"bg_pos":"center center","bg_repeat":"no-repeat","bg_size":"cover","bg_att":"scroll"}},"search_page":{"type":"search_page","settings":{"shop_layout":"default","shop_des":"default","show_col_switch":true,"limit":12,"space":30,"use_pagination":"default","use_bar_lm":true,"btn_rd":true,"btn_style":"default","col_pr":"3","col_pr_tb":"3","col_pr_mb":"6","pr_des":"1","show_vendor":false,"use_cdt":false,"round_cd":false,"cdt_des":"1","use_eq_height":false,"image_ratio":"ratio_nt","image_size":"nt_cover","image_position":"8"}},"1617928097814b3d0d":{"type":"image_text_overlay","blocks":{"1617928097814b3d0d-0":{"type":"1","settings":{"title":"WORKOUT FASHIONABLY","color":"#ffffff","fw_text":600,"fs_text":30,"lh_text":0,"ls_text":0,"fs_mb_text":12.5,"lh_mb_text":0,"ls_mb_text":0}},"83121470-3265-4dde-9484-6eeb4f2d27fa":{"type":"6","settings":{"sp":10,"sp_mb":10}},"1617928097814b3d0d-4":{"type":"3","settings":{"title":"Shop Now","btn_link":"shopify:\/\/collections\/mens","open_link":"_blank","title2":"Shop Now 2","open_link2":"_blank","btn_round":true,"btn_icon":false,"cl_txt":"#000000","cl_bg":"#ffffff","cl_bd":"#222222","fs_text":14,"fw_text":600,"h":40,"ls_text":0,"fs_mb_text":13,"h_mb":40,"ls_mb_text":0}}},"block_order":["1617928097814b3d0d-0","83121470-3265-4dde-9484-6eeb4f2d27fa","1617928097814b3d0d-4"],"settings":{"se_height":"cus_h","use_custom_h":"2","h_des":"600px","h_tb":"500px","h_mb":"250px","image":"shopify:\/\/shop_images\/2.jpg","use_pr":false,"img_align":"center","caption_w":"1","cap_v_pos":49,"cap_h_pos":100,"txt_align":"tc","use_shadow":false,"cl_overlay":"#210f0f","cl_opacity":0,"layout":"nt_full","cl_bg":"","mg":"","pd":"","mg_mb":"","pd_mb":""}},"acc_heading":{"type":"acc_heading","blocks":{"acc_heading-0":{"type":"1","settings":{}}},"block_order":["acc_heading-0"],"settings":{"image":"shopify:\/\/shop_images\/footer_1c665eb0-d320-4da3-906d-5ddb532c3c19.jpg","parallax":false,"color":"#000","overlay":30,"padding":100,"bg_pos":"center center","bg_repeat":"no-repeat","bg_size":"cover","bg_att":"scroll"}},"wis_heading":{"type":"wis_heading","blocks":{"wis_heading-0":{"type":"2","settings":{"text":"<p>View your wishlist products<\/p>"}}},"block_order":["wis_heading-0"],"settings":{"parallax":false,"color":"#000","overlay":54,"padding":50,"bg_pos":"center center","bg_repeat":"no-repeat","bg_size":"cover","bg_att":"scroll"}},"wishlist_page":{"type":"wishlist_page","blocks":{"wishlist_page-0":{"type":"btn","settings":{"title":"Return To Shop","style":"primary tu"}}},"block_order":["wishlist_page-0"],"settings":{"shop_layout":"default","show_col_switch":true,"limit":12,"space":30,"use_pagination":"default","use_bar_lm":true,"btn_rd":true,"btn_style":"default","col_pr":"3","col_pr_tb":"3","col_pr_mb":"6","pr_des":"1","show_vendor":false,"use_cdt":false,"round_cd":false,"cdt_des":"1","use_eq_height":false,"image_ratio":"ratio_nt","image_size":"nt_cover","image_position":"8"}}},"content_for_index":["1617928097814b3d0d","1581505806578","1617419662b594d4d3","16178543923c6d121c","1595988840822","161742223659c444e6","1617422668b1f3706b","1617425301e80cc602","16178552400d280f49","1581505821233","1581505838591","1597120285267","1581508031759","1596624928746","1597058003104","161742769811f70215","161778962308561e78","161785290181b036d0"]}}