{"current":{"product_key":"","ano_color_bg":"#ffffff","color_topheader-text":"#f8f5f5","tophead_text_color_hover":"#ffffff","color_header":"#ffffff","head_text_color":"#000000","color_body_bg":"#ffffff","color_body_text":"#242422","color_text":"#3d4246","megamenu_color_text":"#117232","color_product_title":"#494343","color_price_text":"#3a4247","color_sale_text":"#117232","color_borders":"#ebebeb","color_button":"#117232","color_button_text":"#ffffff","sp_button":"#117232","sp_button_txt":"#ffffff","color_small_button":"#fff","color_small_button_text":"#3d4246","color_stock_left":"#5e5b58","progressBar_bg_color":"#ff8e3b","color_text_field":"#ffffff","color_text_field_text":"#000","color_image_overlay_text":"#ffffff","color_image_overlay":"#5c5c5c","image_overlay_opacity":6,"color_overlay_button":"#fff","color_overlay_button_text":"#3d4246","background_color":"#ffffff","custom_text_color":"#000000","discount_bg_color":"#ffffff","discount_normal_text_color":"#000000","discount_bold_text_color":"#117232","discount_btn_color":"#117232","discount_btn_txt_color":"#ffffff","hover_color":"#000","hover_opacity":50,"sale_button_option_one_color":"#14ac4d","sale_button_option__text_one_color":"#ffffff","free_button_option_one_color":"#ff8e00","free_button_option__text_one_color":"#ffffff","soldout_button_option_one_color":"#e80b0b","soldout_button_option__text_one_color":"#ffffff","dynamicaddtocart_button":"#ff8e00","dynamicaddtocart_button_txt":"#fff","dynamiccheckout_button":"#1abe2d","dynamiccheckout_button_txt":"#fff","related_popup_heading_font_color":"#f042a8","delivery_text_color":"#000000","badges_color":"#000000","logo_icon":"fa-heart","icon_side":"left","logo_font_style":"Google_Ubuntu_400_sans","logo_font_weight":"bold","logo_font_trans":"uppercase","icon_logo_size":18,"icon_logo_space":3,"menu_font_style":"Google_Ubuntu_400_sans","menu_font_weight":"bold","menu_font_trans":"uppercase","menu_font_size":11,"menu_font_space":2,"strip_font_style":"Google_Ubuntu_400_sans","strip_main_space":2,"strip_font_weight":"bold","strip_font_trans":"uppercase","type_header_family":"Google_Ubuntu_400_sans","heading_weight":"600","heading_trans":"uppercase","type_header_base_size_1":26,"heading_font_space":1,"subhead_font":"Poppins","subhead_weight":"normal","sub_font_size":16,"subhead_space":0,"subhead_font_trans":"none","type_title_family":"Google_Ubuntu_400_sans","title_weight":"600","title_trans":"uppercase","type_title_base_size":26,"title_font_space":0,"title_position":"center","type_base_family":"Poppins","type_base_size_1":15,"imgsldover_title":"Google_Ubuntu_400_sans","imgsldover_weight":"600","imgsldover_trans":"uppercase","imgsldover_title_size":50,"mobile_imgsldover_title_size":20,"imgsldover_title_space":2,"imgsldover_sub_title":"Google_Ubuntu_400_sans","imgsldover_sub_weight":"400","imgsldover_sub_trans":"uppercase","imgsldover_sub_size":22,"mobile_imgsldover_sub_size":16,"imgsldover_sub_space":0,"timer_font_family":"Poppins","timer_sub_font_family":"Poppins","product_price_size":18,"type_bold_product_price":true,"productpage_price_size":18,"type_bold_productpage_price":true,"delivery_font_family":"Poppins","delivery_font_size":14,"favicon":"","show_multiple_currencies":true,"select_dropdown":"auto_currency","currency_format":"money_format","supported_currencies":"INR GBP CAD USD AUD EUR JPY","discount_popup_enable":false,"discount_popup_disable_mobile":false,"discount_image_desktop":false,"discount_image_enable":true,"discount_popup_time":"0.30","expire_time":2,"discount_icon":"","discount_popup_title":"20% OFF","discount_popup_description1":"Sign up to our newsletter for 10% off additional your first order!","discount_popup_link_text":"CLOSE THIS PAGE","discount_popup_submit_text":"<span>Thank you !<\/span>","popup_enable":true,"popup_ago_custom_time":true,"popup_disable_mobile":true,"popup_disable_close":false,"salepopup_position":"top","notification_popup_time":"10000","popup_randomly_collection":"","buttom_message":"Someone purchased a","mailchimp_link":"","klaviyo_link":"","sale_button_option":"sale_button_option_one","search_result":"only_product","search_free_page":false,"enable_collection_url":false,"show_saved_amount":true,"show_discount_amount":"percent_save","show_free_badges":true,"show_second_image":true,"mobile_grid_1":"on_mobile_set_row_two","show_view_all":true,"btn_text":"View All","full_btn":false,"transparent_btn":true,"disable_timer_regular_price":false,"disable_timer_use_tag":true,"enable_timer_stg":"enable_timer_custom","enable_timer_reset_every_day":"19:00:00","enable_timer_stg_custom":5000,"enable_inventory_stock_number":"enable_stock_number_random","share_image":"","social_title":"Follow Us","share_facebook":true,"share_twitter":true,"share_pinterest":true,"social_twitter_link":"","social_facebook_link":"https:\/\/www.facebook.com\/mmbeefcompany","social_pinterest_link":"","social_instagram_link":"https:\/\/www.instagram.com\/mmbeefcompany\/","social_tumblr_link":"","social_snapchat_link":"","social_youtube_link":"","social_vimeo_link":"","checkout_header_image":"shopify:\/\/shop_images\/DSC_0784_1.jpg","checkout_logo_image":"","checkout_logo_position":"left","checkout_logo_size":"medium","checkout_body_background_image":"","checkout_body_background_color":"#fff","checkout_input_background_color_mode":"white","checkout_sidebar_background_image":"","checkout_sidebar_background_color":"#fafafa","checkout_heading_font":"Helvetica Neue","checkout_body_font":"Helvetica Neue","checkout_accent_color":"#1990c6","checkout_button_color":"#1990c6","checkout_error_color":"#ff6d6d","menu_mega":"","select_menu_view":"show_both_collection_product","hide_right_click":"false","hide_content":"false","product_title_size":17,"type_bold_product_titles":true,"tim_font_family":"Google_Muli_600_sans","tim_lbl_family":"Poppins","fetured_prd_title":24,"enable_timer_stg_on":"enable_timer_stg_on","timer_cookies_set_type":"timer_cookies_set_diff","enable_timer_top_message":true,"timer_top_message_value_num":130,"heading_font_style":"Poppins","heading_font_size":14,"info_main_space":1,"heading_font_weight":"lighter","heading_font_trans":"none","text_font_style":"Poppins","info_subfont_size":17,"info_font_space":0,"cap_font_weight":"bold","timer_top_message_value_before":"Only","timer_top_message_value_after":"LEFT","discount_border_color":"#000000","newsletter_header":"#000000","newsletter_subheading":"#000000","related_popup_text_font_color":"#000000","r_continue_shoping_color":"#ffffff","r_view_cart_color":"#6c756c","r_checkout_color":"#002500","type_title_base_size_1":"26","SO_heading_font_style":"Poppins","SO_sub_heading_font_style":"Poppins","imgsldover_font_space":0,"on_related_upsell":true,"mega_menu_1":"false","mega_menu_2":"false","mega_menu_3":"false","mega_menu_4":"false","mega_menu_5":"false","menu_logo_size":10,"menu_logo_space":0,"strip_font_size":14,"related_popup_heading_font_family":"Arial","related_popup_heading_font_size":"30","enable_related_upsell":"true","related_popup_text_font_family":"Ek Mukta","related_popup_text_font_size":"20","default_currency":"CAD","text_font_size":14,"secondary_newsletter_banner":true,"dil_font_family":"Montserrat","dil_font_size":14,"head_color_text":"#ffffff","product_family":"Google_Work+Sans_400_sans","type_header_base_size":"26px","type_base_size":"16px","sections":{"header":{"type":"header","blocks":{"1536139291068":{"type":"mega_menu","settings":{"navigation_mega_menu":"clothes"}},"1536141502796":{"type":"mega_menu","settings":{"navigation_mega_menu":"Catalog"}}},"block_order":["1536139291068","1536141502796"],"settings":{"remove_space":false,"align_logo":"left","logo":"shopify:\/\/shop_images\/Beef_logo_2.jpg","desktop_logo_size":"60%","logo_mobile":"shopify:\/\/shop_images\/Beef_logo_2.jpg","mobile_logo_size":"75%","main_linklist":"main-menu","disable_header_strip":true,"disable_search":false,"disable_social_media_header_icons":false,"disable_cart":false,"shopping_icon":"default","header_strip_text_contact":"406-672-1781","header_strip_text_email":"mmbeefcompany@gmail.com","header_strip_text_link_name":""}},"footer":{"type":"footer","blocks":{"1521520287493":{"type":"link_list","settings":{"menu":"footer","social_icons_footer":false}},"1591728787282":{"type":"link_list","settings":{"menu":"company","social_icons_footer":true}},"1521800689906":{"type":"customer_shopify","settings":{"social_icons_footer":false}}},"block_order":["1521520287493","1591728787282","1521800689906"],"settings":{"shop_name":"","display_shopify_by":true,"display_payment_methods":true,"pay_visa":true,"pay_master":true,"pay_american_express":true,"pay_paypal":true,"pay_diners_club":false,"pay_discover":true}},"product-template":{"type":"product-template","settings":{"buy_it_now_action":"direct_to_cart","show_saved_amount":false,"enable_default_variant":false,"show_quantity_selector":true,"show_vendor":false,"enable_zoom":false,"shake_effect_enable":false,"readmore_enable":true,"enable_progressbar_text":false,"enable_timer_top_message":false,"enable_progressbartimer_text":true,"enable_shipping":false,"show_tags":false,"show_social":false,"enable_timer_stg_on":"enable_timer_stg_off","enable_payment_button":false,"variant_swacth":"one","swatch_option":"with_background","color_style":"square_box","product_review":true,"visitor_counter_enable":true,"visitor_counter_number":"30-50","show_del_time":false,"delivery_time_number":"14-30","product_description":"under_the_timer","enable_sticky":true,"sticky_button":"show_progress_bar","enable_trust_badges":true,"enable_trust_badges_image":""}},"password-header":{"type":"password-header","settings":{"logo":"","logo_max_width":"100","header":"Coming Soon"}},"password-content":{"type":"password-content","settings":{"newsletter_enable":true,"newsletter_form_heading":"Be the first to know when we launch.","newsletter_placeholder":"Email address","newsletter_button_text":"Notify me"}},"password-footer":{"type":"password-footer","settings":{"show_share_buttons":true,"social_message":"Spread the word"}},"releted_upsell_popup":{"type":"releted_upsell_popup","settings":{"enable_related_upsell":false}},"collection-template":{"type":"collection-template","settings":{"grid":3,"rows":8,"show_collection_image":false,"enable_parallax":true,"show_vendor":false,"sort_enable":false,"tags_enable":false,"on_desktop_title_set":"title_set_line_trim","desktop_text_limit":20,"on_mobile_title_set":"mobile_title_set_line_full","mobile_text_limit":5}},"related-product":{"type":"related-product","settings":{"show_related_products":true,"related_grid_num":4,"related_grid_row":1}},"cart-template":{"type":"cart-template","settings":{"cart_notes_enable":true,"saved_price":false,"cart_enable":false,"cart_timer_minute":1500,"cart_timer_color":"#f30909","shopping_payment":true,"cart_left_image":"","cart_right_image":""}},"list-collections-template":{"type":"list-collections-template","blocks":{"a983cc68-c225-4a66-a813-9634160a20ef":{"type":"collection","settings":{"collection":"steaks"}},"ac46839f-0cc5-4d77-8682-ab3d317570e1":{"type":"collection","settings":{"collection":"bundles"}},"1e27a581-b7f9-4beb-aa09-3f7242803bfd":{"type":"collection","settings":{"collection":"individual-cuts"}}},"block_order":["a983cc68-c225-4a66-a813-9634160a20ef","ac46839f-0cc5-4d77-8682-ab3d317570e1","1e27a581-b7f9-4beb-aa09-3f7242803bfd"],"settings":{"display_type":"selected","sort":"alphabetical","grid":"3","show_view_all":true,"btn_text":"View All"}},"article-template":{"type":"article-template","settings":{"heading_title":"News Detail","show_blog_image":true,"enable_parallax":true,"image":"","blog_show_author":true,"blog_show_date":true,"show_share_buttons":true}},"blog-template":{"type":"blog-template","settings":{"show_blog_image":true,"enable_parallax":true,"image":"","layout":"grid","blog_show_author":true,"blog_show_date":true,"show_comment_count":true}},"contact-page":{"type":"contact-page","settings":{"show_blog_image":true,"enable_parallax":false,"image":"shopify:\/\/shop_images\/DSC_0969.jpg"}},"map":{"type":"map","settings":{"imagelogo":"","desktop_logo_size":"30%","address":"<p>123 Fake St.<br>Toronto, Canada<\/p><p>Mon - Fri, 10am - 9pm<br>Saturday, 11am - 9pm<br>Sunday, 11am - 5pm<\/p>","map_address":"80 Spadina Ave, Toronto","button_text":"Get directions","show_pin":true,"api_key":"","background_image":"","background_image_position":"center center"}},"1522671161106":{"type":"slideshow","blocks":{"1523536475248":{"type":"image","settings":{"image":"shopify:\/\/shop_images\/mm2.png","alignment":"top","title":"Ranch Raised all natural beef","subheading":"","button_label":"shop now","link":"shopify:\/\/collections\/all"}},"1522671161106-1":{"type":"image","settings":{"image":"shopify:\/\/shop_images\/DSC_0455_17d3629f-e326-4f77-8cfb-d82c63d37793.jpg","alignment":"top","title":"Trusting What You Eat","subheading":"All Natural - Ethically Treated - Delivered","button_label":"","link":"shopify:\/\/collections\/shop-beef"}},"1591711639490":{"type":"image","settings":{"image":"shopify:\/\/shop_images\/mm3.png","alignment":"top","title":"Pure Montana Beef","subheading":"","button_label":""}}},"block_order":["1523536475248","1522671161106-1","1591711639490"],"settings":{"autoplay":true,"autoplay_speed":"5000","slideshow_height":"full","heading_divider":"none"}},"1522671213521":{"type":"rich-text","settings":{"full_width":true,"section_title":"All Natural Ranch Raised Montana Beef Shipped Anywhere","text":"<p>_________________________________<\/p>","text_size":"large"}},"1522671286117":{"type":"collection","settings":{"title":"BEST SELLERS","collection":"best-sellers","grid":3,"rows":1,"show_vendor":false,"show_view_all":false,"full_btn":false,"transparent_btn":false,"mobile_grid":"on_mobile_set_row_two"}},"1522671482965":{"type":"feature-row","disabled":true,"blocks":{"1522671482965-0":{"type":"image_with_text_1","settings":{"image":"shopify:\/\/shop_images\/family_photo_lisa_matovich_brooke_and_kevin_brooke.jpg","layout":"left","text_alignment":"left","title":"WHY MM BEEF","text":"<p>Trusting your food source is everything. We are Kevin Brooke and Lisa Matovich-Brooke and <strong>our mission is to provide safe, great tasting<\/strong> homegrown beef from our MM Matovich Ranch. Along with our daughters Olivia and Lily, we work hard to raise all natural Montana beef that you can trust and enjoy.<\/p><p>Our angus cattle are all natural. We are certified with the Global Animal Partnership (GAP) <a href=\"http:\/\/globalanimalpartnership.org\/\"><strong>globalanimalpartnership.org.<\/strong><\/a> This organization inspects the ranch for animal welfare, the non use of hormones or antibiotics and overall management practices. This means you are buying certified all natural beef.<\/p><p>On every package of beef is a Step 4 rating. Our GAP certification gives you the documented confidence that our beef is healthy and all natural. We can’t — and won’t —take shortcuts in growing our cattle.<\/p><p>GAP certified cattle have higher standards of animal health accountability. Whole Foods and the more stringent foreign markets like Japan and Europe pay a premium for these GAP certified cattle. They demand to know how these cattle are raised.<\/p><p>There are no magical secrets to producing great beef. It takes good genetics, quality feed, attention to detail and a passion for cattle. <strong>Our family believe it’s worth the effort.<\/strong> We’re just like you — we want to know where our food comes from. We’re a small family ranch that cares about beef.<\/p>","button_label":"","full_btn":false,"transparent_btn":false}}},"block_order":["1522671482965-0"],"settings":{"layout":"full"}},"1522671586612":{"type":"collection-list","blocks":{"1522671586612-2":{"type":"featured_collection","settings":{"collection":"steaks"}},"1522671586612-0":{"type":"featured_collection","settings":{"collection":"bundles","image":"shopify:\/\/shop_images\/Bundle_bundle.jpg"}},"1522671586612-1":{"type":"featured_collection","settings":{"collection":"individual-cuts"}},"69a61997-3e44-4c08-8ceb-f73b09f8def8":{"type":"featured_collection","settings":{"collection":"mm-beef-club","image":"shopify:\/\/shop_images\/MM_Beef_Club_home_delivery.jpg"}}},"block_order":["1522671586612-2","1522671586612-0","1522671586612-1","69a61997-3e44-4c08-8ceb-f73b09f8def8"],"settings":{"layout":"full_with_spacing","title":"","grid":4}},"1522671638827":{"type":"quotes","disabled":true,"blocks":{"1522671638827-0":{"type":"quote","settings":{"quote":"<p>MM Beef Company has great quality beef. Our family loves knowing how the beef is raised. We can definitely taste the difference.<\/p>","author":"C. Hill--Billings, MT"}},"1522671638827-1":{"type":"quote","settings":{"quote":"<p>We look forward to getting good beef that is delivered right off a family ranch that we trust. <\/p>","author":"D. Sinclair--Denver"}},"1522671638827-2":{"type":"quote","settings":{"quote":"<p>MM Beef is a healthy choice for your well being. The steaks are tender and the hamburger is delicious. This is what beef is suppose to taste like<\/p>","author":"S. Wharton--Billings, MT"}}},"block_order":["1522671638827-0","1522671638827-1","1522671638827-2"],"settings":{"title":"What our customers SAY"}},"map-contact":{"type":"map-contact","settings":{"hide_map":true,"imagelogo":"","desktop_logo_size":"30%","address":"<p>123 Fake St.<br>Toronto, Canada<\/p><p>Mon - Fri, 10am - 9pm<br>Saturday, 11am - 9pm<br>Sunday, 11am - 5pm<\/p>","map_address":"80 Spadina Ave, Toronto","button_text":"Get directions","show_pin":true,"api_key":"","background_image":"","background_image_position":"center center"}},"1536574079388":{"type":"divider","settings":{"divider_option":"border","heading_divider":"boxed","divider_thick":2,"space_two_element":"20"}},"1602434338491":{"type":"custom-content","disabled":true,"settings":{"title":"Custom content","content_bg_type":"color","content_over":true,"enable_parallax":false}}},"content_for_index":["1602434338491","1522671161106","1522671213521","1522671286117","1522671586612","1536574079388","1522671482965","1522671638827"]},"presets":{"Jupiter":{"product_key":"","ano_color_bg":"#ededed","color_topheader-text":"#000000","tophead_text_color_hover":"#4a4a4a","color_header":"#ffffff","head_text_color":"#0f0f0f","color_body_bg":"#fff","color_body_text":"#000000","color_text":"#3d4246","megamenu_color_text":"#08aa00","color_product_title":"#494343","color_price_text":"#3a4247","color_sale_text":"#00ba1d","color_borders":"#ebebeb","color_button":"#08aa00","color_button_text":"#ffffff","sp_button":"#0dbd21","sp_button_txt":"#ffffff","color_small_button":"#fff","color_small_button_text":"#3d4246","color_text_field":"#fff","color_text_field_text":"#000","color_image_overlay_text":"#ffffff","color_image_overlay":"#5c5c5c","image_overlay_opacity":25,"background_color":"#dcdcdc","custom_text_color":"#000000","discount_bg_color":"#ffffff","discount_normal_text_color":"#000000","discount_bold_text_color":"#00ba1d","discount_btn_color":"#00ba1d","discount_btn_txt_color":"#ffffff","hover_color":"#000","hover_opacity":50,"sale_button_option_one_color":"#00ba1d","sale_button_option__text_one_color":"#ffffff","related_popup_heading_font_color":"#0dbd21","delivery_text_color":"#000000","badges_color":"#000000","logo_icon":"fa-flag","icon_side":"left","logo_font_style":"Google_Poppins_400_sans","logo_font_weight":"bold","logo_font_trans":"uppercase","icon_logo_size":16,"icon_logo_space":3,"menu_font_style":"Google_Poppins_400_sans","menu_font_weight":"bold","menu_font_trans":"uppercase","menu_font_size":11,"menu_font_space":2,"strip_font_style":"Google_Poppins_400_sans","strip_main_space":2,"strip_font_weight":"bold","strip_font_trans":"uppercase","type_header_family":"Poppins","heading_weight":"600","heading_trans":"uppercase","type_header_base_size_1":26,"heading_font_space":1,"subhead_font":"Poppins","subhead_weight":"normal","sub_font_size":16,"subhead_space":0,"subhead_font_trans":"none","type_title_family":"Poppins","title_weight":"600","title_trans":"uppercase","type_title_base_size":26,"title_font_space":0,"title_position":"center","type_base_family":"Poppins","type_base_size_1":15,"imgsldover_title":"Poppins","imgsldover_weight":"600","imgsldover_trans":"uppercase","imgsldover_title_size":50,"imgsldover_title_space":2,"imgsldover_sub_title":"Poppins","imgsldover_sub_weight":"400","imgsldover_sub_trans":"uppercase","imgsldover_sub_size":22,"imgsldover_sub_space":0,"timer_font_family":"Poppins","timer_sub_font_family":"Poppins","fetured_prd_title":24,"tim_font_family":"Poppins","tim_lbl_family":"Poppins","product_title_size":17,"type_bold_product_titles":true,"product_price_size":18,"type_bold_product_price":true,"delivery_font_family":"Poppins","delivery_font_size":12,"favicon":"","show_multiple_currencies":true,"currency_format":"money_format","supported_currencies":"INR GBP CAD USD AUD EUR JPY","discount_popup_enable":true,"discount_popup_disable_mobile":false,"discount_image_enable":true,"discount_popup_time":"exit_popup","expire_time":2,"discount_icon":"","discount_popup_title":"20% OFF","discount_popup_description1":"Sign up to our newsletter for 10% off additional your first order!","discount_popup_link_text":"CLOSE THIS PAGE","discount_popup_submit_text":"<span>Thank you !<\/span>","popup_enable":true,"popup_ago_custom_time":true,"popup_disable_mobile":false,"popup_disable_close":false,"notification_popup_time":"10000","popup_randomly_collection":"homepage","buttom_message":"Someone purchased a","mailchimp_link":"","klaviyo_link":"","sale_button_option":"sale_button_option_one","search_result":"only_product","search_free_page":false,"mobile_grid_1":"on_mobile_set_row_two","show_view_all":true,"btn_text":"View All","full_btn":false,"transparent_btn":true,"enable_timer_stg_on":"enable_timer_stg_on","disable_timer_use_tag":true,"enable_timer_stg":"enable_timer_custom_cookies","timer_cookies_set_type":"timer_cookies_set_diff","enable_inventory_stock_number":"enable_stock_number_random","enable_timer_reset_every_day":"10:00:00","enable_timer_top_message":true,"enable_timer_stg_custom":1500,"timer_top_message_value_num":130,"share_image":"","social_title":"Follow Us","share_facebook":true,"share_twitter":true,"share_pinterest":true,"social_twitter_link":"#","social_facebook_link":"#","social_pinterest_link":"#","social_instagram_link":"#","social_tumblr_link":"","social_snapchat_link":"","social_youtube_link":"#","social_vimeo_link":"","checkout_header_image":"","checkout_logo_image":"","checkout_logo_position":"left","checkout_logo_size":"medium","checkout_body_background_image":"","checkout_body_background_color":"#fff","checkout_input_background_color_mode":"white","checkout_sidebar_background_image":"","checkout_sidebar_background_color":"#fafafa","checkout_heading_font":"Helvetica Neue","checkout_body_font":"Helvetica Neue","checkout_accent_color":"#1990c6","checkout_button_color":"#1990c6","checkout_error_color":"#ff6d6d","heading_font_style":"Poppins","heading_font_size":14,"info_main_space":1,"heading_font_weight":"lighter","heading_font_trans":"none","text_font_style":"Poppins","info_subfont_size":17,"info_font_space":0,"cap_font_weight":"bold","timer_top_message_value_before":"Only","timer_top_message_value_after":"LEFT","discount_border_color":"#000000","newsletter_header":"#000000","newsletter_subheading":"#000000","related_popup_text_font_color":"#000000","r_continue_shoping_color":"#ffffff","r_view_cart_color":"#6c756c","r_checkout_color":"#002500","type_title_base_size_1":"26","SO_heading_font_style":"Poppins","SO_sub_heading_font_style":"Poppins","imgsldover_font_space":0,"on_related_upsell":true,"mega_menu_1":"false","mega_menu_2":"false","mega_menu_3":"false","mega_menu_4":"false","mega_menu_5":"false","menu_logo_size":10,"menu_logo_space":0,"strip_font_size":14,"related_popup_heading_font_family":"Arial","related_popup_heading_font_size":"30","enable_related_upsell":"true","related_popup_text_font_family":"Ek Mukta","related_popup_text_font_size":"20","default_currency":"CAD","text_font_size":14,"secondary_newsletter_banner":true,"dil_font_family":"Montserrat","dil_font_size":14,"head_color_text":"#ffffff","product_family":"Google_Work+Sans_400_sans","type_header_base_size":"26px","type_base_size":"16px","sections":{"header":{"type":"header","settings":{"remove_space":true,"align_logo":"center","logo":"shopify:\/\/shop_images\/booster_1.png","desktop_logo_size":"70%","logo_mobile":"shopify:\/\/shop_images\/booster_1.png","mobile_logo_size":"50%","main_linklist":"main-menu","disable_header_strip":false,"disable_search":false,"disable_social_media_header_icons":false,"disable_cart":false,"shopping_icon":"fa-shopping-cart","header_strip_text_contact":"044-4444-4444","header_strip_text_email":"MY@SHOP.MYSHOP","header_strip_text_link_name":"free shipping this Week On order over 75$"}},"footer":{"type":"footer","blocks":{"1520514625558":{"type":"text","settings":{"logo_footer":true,"logo":"shopify:\/\/shop_images\/booster_1.png","desktop_logo_size":"50%","title":"","content":"<p>Use this text to share information about your brand with your customers. Describe a product, share announcements, or welcome customers to your store.<\/p>","social_icons_footer":true}},"1521520287493":{"type":"link_list","settings":{"menu":"main-menu","social_icons_footer":false}},"1520514274895":{"type":"link_list","settings":{"menu":"footer","social_icons_footer":false}},"1521800689906":{"type":"customer_shopify","settings":{"social_icons_footer":false}}},"block_order":["1520514625558","1521520287493","1520514274895","1521800689906"],"settings":{"shop_name":"","display_shopify_by":true,"display_payment_methods":true,"pay_visa":true,"pay_master":true,"pay_american_express":true,"pay_paypal":true,"pay_diners_club":true,"pay_discover":true}},"product-template":{"type":"product-template","settings":{"buy_it_now_action":"direct_to_checkout","show_saved_amount":true,"enable_default_variant":true,"show_quantity_selector":true,"show_vendor":false,"enable_zoom":true,"readmore_enable":true,"enable_progressbar_text":true,"enable_shipping":true,"show_tags":false,"show_social":true,"variant_swacth":"two","swatch_option":"without_background","color_style":"round_shape","product_review":true,"visitor_counter_enable":true,"visitor_counter_number":"1-15","show_del_time":true,"delivery_time_number":"14-30","product_description":"under_the_timer","enable_sticky":true,"sticky_button":"show_progress_bar","enable_trust_badges":true,"enable_trust_badges_image":"shopify:\/\/shop_images\/Booster-badges.png"}},"password-header":{"type":"password-header","settings":{"logo":"","logo_max_width":"100","header":"Coming Soon"}},"password-content":{"type":"password-content","settings":{"newsletter_enable":true,"newsletter_form_heading":"Be the first to know when we launch.","newsletter_placeholder":"Email address","newsletter_button_text":"Notify me"}},"password-footer":{"type":"password-footer","settings":{"show_share_buttons":true,"social_message":"Spread the word"}},"releted_upsell_popup":{"type":"releted_upsell_popup","blocks":{"1523081370482":{"type":"pro_to_pro_upsell","settings":{"upsell_related_product":"cydney-plaid","upsell_suggested_product":"derby-tier-backpack"}}},"block_order":["1523081370482"],"settings":{"enable_related_upsell":true}},"collection-template":{"type":"collection-template","settings":{"grid":4,"rows":2,"show_collection_image":true,"enable_parallax":true,"show_vendor":false,"sort_enable":true,"tags_enable":true}},"related-product":{"type":"related-product","settings":{"show_related_products":true,"related_grid_num":4,"related_grid_row":1}},"cart-template":{"type":"cart-template","settings":{"cart_notes_enable":true,"saved_price":true,"cart_enable":true,"cart_timer_minute":5000,"cart_timer_color":"#f30909","shopping_payment":true,"cart_left_image":"shopify:\/\/shop_images\/Booster-badges.png","cart_right_image":"shopify:\/\/shop_images\/Booster-badges_fdb54f46-a7ce-4299-b3eb-afecd0e53813.png"}},"list-collections-template":{"type":"list-collections-template","settings":{"display_type":"all","sort":"alphabetical","grid":"3","show_view_all":true,"btn_text":"View All"}},"article-template":{"type":"article-template","settings":{"heading_title":"News Detail","show_blog_image":true,"enable_parallax":true,"image":"shopify:\/\/shop_images\/woman-in-black-trench-in-winter-woods.jpg","blog_show_author":true,"blog_show_date":true,"show_share_buttons":true}},"blog-template":{"type":"blog-template","settings":{"show_blog_image":true,"enable_parallax":true,"image":"shopify:\/\/shop_images\/waffles-and-fruit-breakfast.jpg","layout":"grid","blog_show_author":true,"blog_show_date":true,"show_comment_count":true}},"contact-page":{"type":"contact-page","settings":{"show_blog_image":true,"enable_parallax":true,"image":"shopify:\/\/shop_images\/waffles-and-fruit-breakfast.jpg"}},"map":{"type":"map","settings":{"imagelogo":"","desktop_logo_size":"30%","address":"<p>123 Fake St.<br>Toronto, Canada<\/p><p>Mon - Fri, 10am - 9pm<br>Saturday, 11am - 9pm<br>Sunday, 11am - 5pm<\/p>","map_address":"80 Spadina Ave, Toronto","button_text":"Get directions","show_pin":true,"api_key":"","background_image":"","background_image_position":"center center"}},"1522671161106":{"type":"slideshow","blocks":{"1522671161106-0":{"type":"image","settings":{"image":"","alignment":"top","title":"Image slide","subheading":"Tell your brand's story through video and images","button_label":"","link":""}},"1522671161106-1":{"type":"image","settings":{"image":"","alignment":"top","title":"Image slide","subheading":"Tell your brand's story through video and images","button_label":"","link":""}}},"block_order":["1522671161106-0","1522671161106-1"],"settings":{"autoplay":true,"autoplay_speed":"5000","slideshow_height":"small","heading_divider":"none"}},"1522671213521":{"type":"rich-text","settings":{"full_width":false,"section_title":"Talk about your brand","text":"<p>Use this text to share information about your brand with your customers. Describe a product, share announcements, or welcome customers to your store.<\/p>","text_size":"medium"}},"1522671286117":{"type":"collection","settings":{"title":"","collection":"","grid":4,"rows":2,"show_vendor":false,"show_view_all":false,"full_btn":false,"transparent_btn":false,"mobile_grid":"on_mobile_set_row_two"}},"1522671309651":{"type":"hero","settings":{"image":"","enable_parallax":false,"alignment":"center","text_alignment":"center","title":"Image with text overlay","heading_divider":"none","text":"<p>Use overlay text to give your customers insight into your brand. Select imagery and text that relates to your style and story.<\/p>","hero_size":"medium","text_size":"medium","button_label":"","button_link":"","full_btn":false,"transparent_btn":false,"button_size":"small"}},"1522671482965":{"type":"feature-row","blocks":{"1522671482965-0":{"type":"image_with_text_1","settings":{"image":"","layout":"left","text_alignment":"left","title":"Image with text","text":"<p>Pair large text with an image to give focus to your chosen product, collection, or blog post. Add details on availability, style, or even provide a review.<\/p>","button_label":"","button_link":"","full_btn":false,"transparent_btn":false}},"1522671482965-1":{"type":"image_with_text_1","settings":{"image":"","layout":"right","text_alignment":"left","title":"Image with text","text":"<p>Pair large text with an image to give focus to your chosen product, collection, or blog post. Add details on availability, style, or even provide a review.<\/p>","button_label":"","button_link":"","full_btn":false,"transparent_btn":false}}},"block_order":["1522671482965-0","1522671482965-1"],"settings":{"layout":"full"}},"1522671586612":{"type":"collection-list","blocks":{"1522671586612-0":{"type":"featured_collection","settings":{"collection":"","image":""}},"1522671586612-1":{"type":"featured_collection","settings":{"collection":"","image":""}},"1522671586612-2":{"type":"featured_collection","settings":{"collection":"","image":""}},"1522671586612-3":{"type":"featured_collection","settings":{"collection":"","image":""}}},"block_order":["1522671586612-0","1522671586612-1","1522671586612-2","1522671586612-3"],"settings":{"layout":"full_without_spacing","title":"Collection list","grid":4}},"1522671638827":{"type":"quotes","blocks":{"1522671638827-0":{"type":"quote","settings":{"t_image":"","quote":"<p>Add customer reviews and testimonials to showcase your store’s happy customers.<\/p>","author":"Author's name"}},"1522671638827-1":{"type":"quote","settings":{"t_image":"","quote":"<p>Add customer reviews and testimonials to showcase your store’s happy customers.<\/p>","author":"Author's name"}},"1522671638827-2":{"type":"quote","settings":{"t_image":"","quote":"<p>Add customer reviews and testimonials to showcase your store’s happy customers.<\/p>","author":"Author's name"}}},"block_order":["1522671638827-0","1522671638827-1","1522671638827-2"],"settings":{"title":"Testimonials"}},"1522671769410":{"type":"newsletter","settings":{"section_title":"Subscribe to our newsletter","subheading":"A short sentence describing what someone will receive by subscribing","display_first_name":false,"display_last_name":false,"newsletter_section_text_align":"center","image":"","enable_parallax":false}},"1522671815227":{"type":"instagram","settings":{"instagram_client_id":"","instagram_title":"Instagram","instagram_count":4,"rows":1}},"1522671853847":{"type":"image-bar","blocks":{"1522671853847-0":{"type":"image","settings":{"image":"","alignment":"center","link":"","cta_label":""}},"1522671853847-1":{"type":"image","settings":{"image":"","alignment":"center","link":"","cta_label":""}},"1522671853847-2":{"type":"image","settings":{"image":"","alignment":"center","link":"","cta_label":""}}},"block_order":["1522671853847-0","1522671853847-1","1522671853847-2"],"settings":{"section_height":"medium"}}},"content_for_index":["1522671161106","1522671213521","1522671286117","1522671482965","1522671309651","1522671586612","1522671638827","1522671769410","1522671815227","1522671853847"]},"Mercury":{"product_key":"","ano_color_bg":"#fea244","color_topheader-text":"#ffffff","tophead_text_color_hover":"#4a4a4a","color_header":"#ffffff","head_text_color":"#212121","color_body_bg":"#ffffff","color_body_text":"#000000","color_text":"#3d4246","megamenu_color_text":"#fea244","color_product_title":"#494343","color_price_text":"#3a4247","color_sale_text":"#fea244","color_borders":"#ebebeb","color_button":"#fea244","color_button_text":"#ffffff","sp_button":"#fea244","sp_button_txt":"#ffffff","color_small_button":"#fff","color_small_button_text":"#3d4246","color_text_field":"#ffffff","color_text_field_text":"#000","color_image_overlay_text":"#ffffff","color_image_overlay":"#5c5c5c","image_overlay_opacity":25,"background_color":"#dcdcdc","custom_text_color":"#000000","discount_bg_color":"#ffffff","discount_normal_text_color":"#000000","discount_bold_text_color":"#fea244","discount_btn_color":"#fea244","discount_btn_txt_color":"#ffffff","hover_color":"#000","hover_opacity":50,"sale_button_option_one_color":"#fea244","sale_button_option__text_one_color":"#ffffff","related_popup_heading_font_color":"#fea244","delivery_text_color":"#000000","badges_color":"#000000","logo_icon":"fa-fire","icon_side":"left","logo_font_style":"Google_Ubuntu_400_sans","logo_font_weight":"bold","logo_font_trans":"uppercase","icon_logo_size":16,"icon_logo_space":3,"menu_font_style":"Google_Ubuntu_400_sans","menu_font_weight":"bold","menu_font_trans":"uppercase","menu_font_size":11,"menu_font_space":2,"strip_font_style":"Google_Ubuntu_400_sans","strip_main_space":2,"strip_font_weight":"bold","strip_font_trans":"uppercase","type_header_family":"Google_Ubuntu_400_sans","heading_weight":"600","heading_trans":"uppercase","type_header_base_size_1":26,"heading_font_space":1,"subhead_font":"Google_Ubuntu_400_sans","subhead_weight":"normal","sub_font_size":24,"subhead_space":0,"subhead_font_trans":"none","type_title_family":"Google_Ubuntu_400_sans","title_weight":"600","title_trans":"uppercase","type_title_base_size":26,"title_font_space":0,"title_position":"center","type_base_family":"Poppins","type_base_size_1":15,"imgsldover_title":"Google_Ubuntu_400_sans","imgsldover_weight":"600","imgsldover_trans":"uppercase","imgsldover_title_size":50,"imgsldover_title_space":2,"imgsldover_sub_title":"Google_Ubuntu_400_sans","imgsldover_sub_weight":"400","imgsldover_sub_trans":"uppercase","imgsldover_sub_size":22,"imgsldover_sub_space":0,"timer_font_family":"Poppins","timer_sub_font_family":"Poppins","fetured_prd_title":24,"tim_font_family":"Poppins","tim_lbl_family":"Poppins","product_title_size":17,"type_bold_product_titles":true,"product_price_size":18,"type_bold_product_price":true,"delivery_font_family":"Poppins","delivery_font_size":14,"favicon":"","show_multiple_currencies":true,"currency_format":"money_format","supported_currencies":"INR GBP CAD USD AUD EUR JPY","discount_popup_enable":true,"discount_popup_disable_mobile":false,"discount_image_enable":true,"discount_popup_time":"0.30","expire_time":2,"discount_icon":"","discount_popup_title":"20% OFF","discount_popup_description1":"Sign up to our newsletter for 10% off additional your first order!","discount_popup_link_text":"CLOSE THIS PAGE","discount_popup_submit_text":"<span>Thank you !<\/span>","popup_enable":true,"popup_ago_custom_time":true,"popup_disable_mobile":false,"popup_disable_close":false,"notification_popup_time":"10000","popup_randomly_collection":"homepage","buttom_message":"Someone purchased a","mailchimp_link":"","klaviyo_link":"","sale_button_option":"sale_button_option_one","search_result":"only_product","search_free_page":false,"mobile_grid_1":"on_mobile_set_row_two","show_view_all":true,"btn_text":"View All","full_btn":false,"transparent_btn":true,"enable_timer_stg_on":"enable_timer_stg_on","disable_timer_use_tag":true,"enable_timer_stg":"enable_timer_custom","timer_cookies_set_type":"timer_cookies_set_common","enable_inventory_stock_number":"enable_stock_number_random","enable_timer_reset_every_day":"10:00:00","enable_timer_top_message":true,"enable_timer_stg_custom":5000,"timer_top_message_value_num":130,"share_image":"","social_title":"Follow Us","share_facebook":true,"share_twitter":true,"share_pinterest":true,"social_twitter_link":"#","social_facebook_link":"#","social_pinterest_link":"#","social_instagram_link":"#","social_tumblr_link":"","social_snapchat_link":"","social_youtube_link":"#","social_vimeo_link":"","checkout_header_image":"","checkout_logo_image":"","checkout_logo_position":"left","checkout_logo_size":"medium","checkout_body_background_image":"","checkout_body_background_color":"#fff","checkout_input_background_color_mode":"white","checkout_sidebar_background_image":"","checkout_sidebar_background_color":"#fafafa","checkout_heading_font":"Helvetica Neue","checkout_body_font":"Helvetica Neue","checkout_accent_color":"#1990c6","checkout_button_color":"#1990c6","checkout_error_color":"#ff6d6d","heading_font_style":"Poppins","heading_font_size":14,"info_main_space":1,"heading_font_weight":"lighter","heading_font_trans":"none","text_font_style":"Poppins","info_subfont_size":17,"info_font_space":0,"cap_font_weight":"bold","timer_top_message_value_before":"Only","timer_top_message_value_after":"LEFT","discount_border_color":"#000000","newsletter_header":"#000000","newsletter_subheading":"#000000","related_popup_text_font_color":"#000000","r_continue_shoping_color":"#ffffff","r_view_cart_color":"#6c756c","r_checkout_color":"#002500","type_title_base_size_1":"26","SO_heading_font_style":"Poppins","SO_sub_heading_font_style":"Poppins","imgsldover_font_space":0,"on_related_upsell":true,"mega_menu_1":"false","mega_menu_2":"false","mega_menu_3":"false","mega_menu_4":"false","mega_menu_5":"false","menu_logo_size":10,"menu_logo_space":0,"strip_font_size":14,"related_popup_heading_font_family":"Arial","related_popup_heading_font_size":"30","enable_related_upsell":"true","related_popup_text_font_family":"Ek Mukta","related_popup_text_font_size":"20","default_currency":"CAD","text_font_size":14,"secondary_newsletter_banner":true,"dil_font_family":"Montserrat","dil_font_size":14,"head_color_text":"#ffffff","product_family":"Google_Work+Sans_400_sans","type_header_base_size":"26px","type_base_size":"16px","sections":{"header":{"type":"header","settings":{"remove_space":true,"align_logo":"center","logo":"","desktop_logo_size":"70%","logo_mobile":"","mobile_logo_size":"50%","main_linklist":"main-menu","disable_header_strip":false,"disable_search":false,"disable_social_media_header_icons":false,"disable_cart":false,"shopping_icon":"fa-shopping-cart","header_strip_text_contact":"044-4444-4444","header_strip_text_email":"MY@SHOP.MYSHOP","header_strip_text_link_name":"free shipping this Week On order over 75$"}},"footer":{"type":"footer","blocks":{"1520514625558":{"type":"text","settings":{"logo_footer":true,"logo":"shopify:\/\/shop_images\/booster_1.png","desktop_logo_size":"50%","title":"","content":"<p>Use this text to share information about your brand with your customers. Describe a product, share announcements, or welcome customers to your store.<\/p>","social_icons_footer":true}},"1521520287493":{"type":"link_list","settings":{"menu":"main-menu","social_icons_footer":false}},"1520514274895":{"type":"link_list","settings":{"menu":"footer","social_icons_footer":false}},"1521800689906":{"type":"customer_shopify","settings":{"social_icons_footer":false}}},"block_order":["1520514625558","1521520287493","1520514274895","1521800689906"],"settings":{"shop_name":"","display_shopify_by":true,"display_payment_methods":true,"pay_visa":true,"pay_master":true,"pay_american_express":true,"pay_paypal":true,"pay_diners_club":true,"pay_discover":true}},"product-template":{"type":"product-template","settings":{"buy_it_now_action":"thank_you_message","show_saved_amount":true,"enable_default_variant":true,"show_quantity_selector":true,"show_vendor":false,"enable_zoom":true,"readmore_enable":true,"enable_progressbar_text":true,"enable_shipping":true,"show_tags":false,"show_social":true,"variant_swacth":"two","swatch_option":"without_background","color_style":"round_shape","product_review":true,"visitor_counter_enable":true,"visitor_counter_number":"1-15","show_del_time":true,"delivery_time_number":"14-30","product_description":"under_the_timer","enable_sticky":true,"sticky_button":"show_progress_bar","enable_trust_badges":true,"enable_trust_badges_image":"shopify:\/\/shop_images\/Booster-badges.png"}},"password-header":{"type":"password-header","settings":{"logo":"","logo_max_width":"100","header":"Coming Soon"}},"password-content":{"type":"password-content","settings":{"newsletter_enable":true,"newsletter_form_heading":"Be the first to know when we launch.","newsletter_placeholder":"Email address","newsletter_button_text":"Notify me"}},"password-footer":{"type":"password-footer","settings":{"show_share_buttons":true,"social_message":"Spread the word"}},"releted_upsell_popup":{"type":"releted_upsell_popup","blocks":{"1523004891335":{"type":"pro_to_pro_upsell","settings":{"upsell_related_product":"cydney-plaid","upsell_suggested_product":"5-panel-hat"}}},"block_order":["1523004891335"],"settings":{"enable_related_upsell":true}},"collection-template":{"type":"collection-template","settings":{"grid":5,"rows":2,"show_collection_image":true,"enable_parallax":true,"show_vendor":false,"sort_enable":true,"tags_enable":true}},"related-product":{"type":"related-product","settings":{"show_related_products":true,"related_grid_num":4,"related_grid_row":1}},"cart-template":{"type":"cart-template","settings":{"cart_notes_enable":true,"saved_price":true,"cart_enable":true,"cart_timer_minute":5000,"cart_timer_color":"#f30909","shopping_payment":true,"cart_left_image":"shopify:\/\/shop_images\/Booster-badges.png","cart_right_image":"shopify:\/\/shop_images\/Booster-badges_fdb54f46-a7ce-4299-b3eb-afecd0e53813.png"}},"list-collections-template":{"type":"list-collections-template","settings":{"display_type":"all","sort":"alphabetical","grid":"3","show_view_all":true,"btn_text":"View All"}},"article-template":{"type":"article-template","settings":{"heading_title":"News Detail","show_blog_image":true,"enable_parallax":true,"image":"shopify:\/\/shop_images\/woman-in-black-trench-in-winter-woods.jpg","blog_show_author":true,"blog_show_date":true,"show_share_buttons":true}},"blog-template":{"type":"blog-template","settings":{"show_blog_image":true,"enable_parallax":true,"image":"shopify:\/\/shop_images\/waffles-and-fruit-breakfast.jpg","layout":"grid","blog_show_author":true,"blog_show_date":true,"show_comment_count":true}},"contact-page":{"type":"contact-page","settings":{"show_blog_image":true,"enable_parallax":true,"image":"shopify:\/\/shop_images\/waffles-and-fruit-breakfast.jpg"}},"map":{"type":"map","settings":{"imagelogo":"","desktop_logo_size":"30%","address":"<p>123 Fake St.<br>Toronto, Canada<\/p><p>Mon - Fri, 10am - 9pm<br>Saturday, 11am - 9pm<br>Sunday, 11am - 5pm<\/p>","map_address":"80 Spadina Ave, Toronto","button_text":"Get directions","show_pin":true,"api_key":"","background_image":"","background_image_position":"center center"}},"1522671161106":{"type":"slideshow","blocks":{"1522671161106-0":{"type":"image","settings":{"image":"","alignment":"top","title":"Image slide","subheading":"Tell your brand's story through video and images","button_label":"","link":""}},"1522671161106-1":{"type":"image","settings":{"image":"","alignment":"top","title":"Image slide","subheading":"Tell your brand's story through video and images","button_label":"","link":""}}},"block_order":["1522671161106-0","1522671161106-1"],"settings":{"autoplay":true,"autoplay_speed":"5000","slideshow_height":"small","heading_divider":"none"}},"1522671213521":{"type":"rich-text","settings":{"full_width":false,"section_title":"Talk about your brand","text":"<p>Use this text to share information about your brand with your customers. Describe a product, share announcements, or welcome customers to your store.<\/p>","text_size":"medium"}},"1522671286117":{"type":"collection","settings":{"title":"Featured collection","collection":"","grid":4,"rows":2,"show_vendor":false,"show_view_all":false,"full_btn":false,"transparent_btn":false,"mobile_grid":"on_mobile_set_row_two"}},"1522671309651":{"type":"hero","settings":{"image":"","enable_parallax":false,"alignment":"center","text_alignment":"center","title":"Image with text overlay","heading_divider":"none","text":"<p>Use overlay text to give your customers insight into your brand. Select imagery and text that relates to your style and story.<\/p>","hero_size":"medium","text_size":"medium","button_label":"","button_link":"","full_btn":false,"transparent_btn":false,"button_size":"small"}},"1522671482965":{"type":"feature-row","blocks":{"1522671482965-0":{"type":"image_with_text_1","settings":{"image":"","layout":"left","text_alignment":"left","title":"Image with text","text":"<p>Pair large text with an image to give focus to your chosen product, collection, or blog post. Add details on availability, style, or even provide a review.<\/p>","button_label":"","button_link":"","full_btn":false,"transparent_btn":false}},"1522671482965-1":{"type":"image_with_text_1","settings":{"image":"","layout":"right","text_alignment":"left","title":"Image with text","text":"<p>Pair large text with an image to give focus to your chosen product, collection, or blog post. Add details on availability, style, or even provide a review.<\/p>","button_label":"","button_link":"","full_btn":false,"transparent_btn":false}}},"block_order":["1522671482965-0","1522671482965-1"],"settings":{"layout":"full"}},"1522671586612":{"type":"collection-list","blocks":{"1522671586612-0":{"type":"featured_collection","settings":{"collection":"","image":""}},"1522671586612-1":{"type":"featured_collection","settings":{"collection":"","image":""}},"1522671586612-2":{"type":"featured_collection","settings":{"collection":"","image":""}},"1522671586612-3":{"type":"featured_collection","settings":{"collection":"","image":""}}},"block_order":["1522671586612-0","1522671586612-1","1522671586612-2","1522671586612-3"],"settings":{"layout":"full_without_spacing","title":"Collection list","grid":4}},"1522671638827":{"type":"quotes","blocks":{"1522671638827-0":{"type":"quote","settings":{"t_image":"","quote":"<p>Add customer reviews and testimonials to showcase your store’s happy customers.<\/p>","author":"Author's name"}},"1522671638827-1":{"type":"quote","settings":{"t_image":"","quote":"<p>Add customer reviews and testimonials to showcase your store’s happy customers.<\/p>","author":"Author's name"}},"1522671638827-2":{"type":"quote","settings":{"t_image":"","quote":"<p>Add customer reviews and testimonials to showcase your store’s happy customers.<\/p>","author":"Author's name"}}},"block_order":["1522671638827-0","1522671638827-1","1522671638827-2"],"settings":{"title":"Testimonials"}},"1522671769410":{"type":"newsletter","settings":{"section_title":"Subscribe to our newsletter","subheading":"A short sentence describing what someone will receive by subscribing","display_first_name":false,"display_last_name":false,"newsletter_section_text_align":"center","image":"","enable_parallax":false}},"1522671815227":{"type":"instagram","settings":{"instagram_client_id":"","instagram_title":"Instagram","instagram_count":4,"rows":1}},"1522671853847":{"type":"image-bar","blocks":{"1522671853847-0":{"type":"image","settings":{"image":"","alignment":"center","link":"","cta_label":""}},"1522671853847-1":{"type":"image","settings":{"image":"","alignment":"center","link":"","cta_label":""}},"1522671853847-2":{"type":"image","settings":{"image":"","alignment":"center","link":"","cta_label":""}}},"block_order":["1522671853847-0","1522671853847-1","1522671853847-2"],"settings":{"section_height":"medium"}}},"content_for_index":["1522671161106","1522671213521","1522671286117","1522671309651","1522671482965","1522671586612","1522671638827","1522671769410","1522671815227","1522671853847"]},"Venus":{"product_key":"","ano_color_bg":"#f042a8","color_topheader-text":"#ffffff","tophead_text_color_hover":"#4a4a4a","color_header":"#ffffff","head_text_color":"#212121","color_body_bg":"#ffffff","color_body_text":"#000000","color_text":"#3d4246","megamenu_color_text":"#f042a8","color_product_title":"#494343","color_price_text":"#3a4247","color_sale_text":"#f042a8","color_borders":"#ebebeb","color_button":"#f042a8","color_button_text":"#ffffff","sp_button":"#f042a8","sp_button_txt":"#ffffff","color_small_button":"#fff","color_small_button_text":"#3d4246","color_text_field":"#ffffff","color_text_field_text":"#000","color_image_overlay_text":"#ffffff","color_image_overlay":"#5c5c5c","image_overlay_opacity":25,"background_color":"#dcdcdc","custom_text_color":"#000000","discount_bg_color":"#ffffff","discount_normal_text_color":"#000000","discount_bold_text_color":"#f042a8","discount_btn_color":"#f042a8","discount_btn_txt_color":"#ffffff","hover_color":"#000","hover_opacity":50,"sale_button_option_one_color":"#f042a8","sale_button_option__text_one_color":"#ffffff","related_popup_heading_font_color":"#f042a8","delivery_text_color":"#000000","badges_color":"#000000","logo_icon":"fa-heart","icon_side":"left","logo_font_style":"Google_Ubuntu_400_sans","logo_font_weight":"bold","logo_font_trans":"uppercase","icon_logo_size":16,"icon_logo_space":3,"menu_font_style":"Google_Ubuntu_400_sans","menu_font_weight":"bold","menu_font_trans":"uppercase","menu_font_size":11,"menu_font_space":2,"strip_font_style":"Google_Ubuntu_400_sans","strip_main_space":2,"strip_font_weight":"bold","strip_font_trans":"uppercase","type_header_family":"Google_Ubuntu_400_sans","heading_weight":"600","heading_trans":"uppercase","type_header_base_size_1":26,"heading_font_space":1,"subhead_font":"Poppins","subhead_weight":"normal","sub_font_size":16,"subhead_space":0,"subhead_font_trans":"none","type_title_family":"Google_Ubuntu_400_sans","title_weight":"600","title_trans":"uppercase","type_title_base_size":26,"title_font_space":0,"title_position":"center","type_base_family":"Poppins","type_base_size_1":15,"imgsldover_title":"Google_Ubuntu_400_sans","imgsldover_weight":"600","imgsldover_trans":"uppercase","imgsldover_title_size":50,"imgsldover_title_space":2,"imgsldover_sub_title":"Google_Ubuntu_400_sans","imgsldover_sub_weight":"400","imgsldover_sub_trans":"uppercase","imgsldover_sub_size":22,"imgsldover_sub_space":0,"timer_font_family":"Poppins","timer_sub_font_family":"Poppins","fetured_prd_title":24,"tim_font_family":"Poppins","tim_lbl_family":"Poppins","product_title_size":17,"type_bold_product_titles":true,"product_price_size":18,"type_bold_product_price":true,"delivery_font_family":"Poppins","delivery_font_size":14,"favicon":"","show_multiple_currencies":true,"currency_format":"money_format","supported_currencies":"INR GBP CAD USD AUD EUR JPY","discount_popup_enable":true,"discount_popup_disable_mobile":false,"discount_image_enable":true,"discount_popup_time":"0.30","expire_time":2,"discount_icon":"","discount_popup_title":"20% OFF","discount_popup_description1":"Sign up to our newsletter for 10% off additional your first order!","discount_popup_link_text":"CLOSE THIS PAGE","discount_popup_submit_text":"<span>Thank you !<\/span>","popup_enable":true,"popup_ago_custom_time":true,"popup_disable_mobile":false,"popup_disable_close":false,"notification_popup_time":"10000","popup_randomly_collection":"homepage","buttom_message":"Someone purchased a","mailchimp_link":"","klaviyo_link":"","sale_button_option":"sale_button_option_one","search_result":"only_product","search_free_page":false,"mobile_grid_1":"on_mobile_set_row_two","show_view_all":true,"btn_text":"View All","full_btn":false,"transparent_btn":true,"enable_timer_stg_on":"enable_timer_stg_on","disable_timer_use_tag":true,"enable_timer_stg":"enable_timer_custom","timer_cookies_set_type":"timer_cookies_set_common","enable_inventory_stock_number":"enable_stock_number_random","enable_timer_reset_every_day":"10:00:00","enable_timer_top_message":true,"enable_timer_stg_custom":5000,"timer_top_message_value_num":130,"share_image":"","social_title":"Follow Us","share_facebook":true,"share_twitter":true,"share_pinterest":true,"social_twitter_link":"#","social_facebook_link":"#","social_pinterest_link":"#","social_instagram_link":"#","social_tumblr_link":"","social_snapchat_link":"","social_youtube_link":"#","social_vimeo_link":"","checkout_header_image":"","checkout_logo_image":"","checkout_logo_position":"left","checkout_logo_size":"medium","checkout_body_background_image":"","checkout_body_background_color":"#fff","checkout_input_background_color_mode":"white","checkout_sidebar_background_image":"","checkout_sidebar_background_color":"#fafafa","checkout_heading_font":"Helvetica Neue","checkout_body_font":"Helvetica Neue","checkout_accent_color":"#1990c6","checkout_button_color":"#1990c6","checkout_error_color":"#ff6d6d","heading_font_style":"Poppins","heading_font_size":14,"info_main_space":1,"heading_font_weight":"lighter","heading_font_trans":"none","text_font_style":"Poppins","info_subfont_size":17,"info_font_space":0,"cap_font_weight":"bold","timer_top_message_value_before":"Only","timer_top_message_value_after":"LEFT","discount_border_color":"#000000","newsletter_header":"#000000","newsletter_subheading":"#000000","related_popup_text_font_color":"#000000","r_continue_shoping_color":"#ffffff","r_view_cart_color":"#6c756c","r_checkout_color":"#002500","type_title_base_size_1":"26","SO_heading_font_style":"Poppins","SO_sub_heading_font_style":"Poppins","imgsldover_font_space":0,"on_related_upsell":true,"mega_menu_1":"false","mega_menu_2":"false","mega_menu_3":"false","mega_menu_4":"false","mega_menu_5":"false","menu_logo_size":10,"menu_logo_space":0,"strip_font_size":14,"related_popup_heading_font_family":"Arial","related_popup_heading_font_size":"30","enable_related_upsell":"true","related_popup_text_font_family":"Ek Mukta","related_popup_text_font_size":"20","default_currency":"CAD","text_font_size":14,"secondary_newsletter_banner":true,"dil_font_family":"Montserrat","dil_font_size":14,"head_color_text":"#ffffff","product_family":"Google_Work+Sans_400_sans","type_header_base_size":"26px","type_base_size":"16px","sections":{"header":{"type":"header","settings":{"remove_space":true,"align_logo":"center","logo":"","desktop_logo_size":"70%","logo_mobile":"","mobile_logo_size":"50%","main_linklist":"main-menu","disable_header_strip":false,"disable_search":false,"disable_social_media_header_icons":false,"disable_cart":false,"shopping_icon":"fa-shopping-cart","header_strip_text_contact":"044-4444-4444","header_strip_text_email":"MY@SHOP.MYSHOP","header_strip_text_link_name":"free shipping this Week On order over 75$"}},"footer":{"type":"footer","blocks":{"1520514625558":{"type":"text","settings":{"logo_footer":true,"logo":"shopify:\/\/shop_images\/booster_1.png","desktop_logo_size":"50%","title":"","content":"<p>Use this text to share information about your brand with your customers. Describe a product, share announcements, or welcome customers to your store.<\/p>","social_icons_footer":true}},"1521520287493":{"type":"link_list","settings":{"menu":"main-menu","social_icons_footer":false}},"1520514274895":{"type":"link_list","settings":{"menu":"footer","social_icons_footer":false}},"1521800689906":{"type":"customer_shopify","settings":{"social_icons_footer":false}}},"block_order":["1520514625558","1521520287493","1520514274895","1521800689906"],"settings":{"shop_name":"","display_shopify_by":true,"display_payment_methods":true,"pay_visa":true,"pay_master":true,"pay_american_express":true,"pay_paypal":true,"pay_diners_club":true,"pay_discover":true}},"product-template":{"type":"product-template","settings":{"buy_it_now_action":"direct_to_checkout","show_saved_amount":true,"enable_default_variant":true,"show_quantity_selector":true,"show_vendor":false,"enable_zoom":true,"readmore_enable":true,"enable_progressbar_text":true,"enable_shipping":true,"show_tags":false,"show_social":true,"variant_swacth":"two","swatch_option":"without_background","color_style":"round_shape","product_review":true,"visitor_counter_enable":true,"visitor_counter_number":"1-15","show_del_time":true,"delivery_time_number":"14-30","product_description":"under_the_timer","enable_sticky":true,"sticky_button":"show_progress_bar","enable_trust_badges":true,"enable_trust_badges_image":"shopify:\/\/shop_images\/Booster-badges.png"}},"password-header":{"type":"password-header","settings":{"logo":"","logo_max_width":"100","header":"Coming Soon"}},"password-content":{"type":"password-content","settings":{"newsletter_enable":true,"newsletter_form_heading":"Be the first to know when we launch.","newsletter_placeholder":"Email address","newsletter_button_text":"Notify me"}},"password-footer":{"type":"password-footer","settings":{"show_share_buttons":true,"social_message":"Spread the word"}},"releted_upsell_popup":{"type":"releted_upsell_popup","settings":{"enable_related_upsell":false}},"collection-template":{"type":"collection-template","settings":{"grid":5,"rows":2,"show_collection_image":true,"enable_parallax":true,"show_vendor":false,"sort_enable":true,"tags_enable":true}},"related-product":{"type":"related-product","settings":{"show_related_products":true,"related_grid_num":4,"related_grid_row":1}},"cart-template":{"type":"cart-template","settings":{"cart_notes_enable":true,"saved_price":true,"cart_enable":true,"cart_timer_minute":5000,"cart_timer_color":"#f30909","shopping_payment":true,"cart_left_image":"shopify:\/\/shop_images\/Booster-badges.png","cart_right_image":"shopify:\/\/shop_images\/Booster-badges_fdb54f46-a7ce-4299-b3eb-afecd0e53813.png"}},"list-collections-template":{"type":"list-collections-template","settings":{"display_type":"all","sort":"alphabetical","grid":"3","show_view_all":true,"btn_text":"View All"}},"article-template":{"type":"article-template","settings":{"heading_title":"News Detail","show_blog_image":true,"enable_parallax":true,"image":"shopify:\/\/shop_images\/woman-in-black-trench-in-winter-woods.jpg","blog_show_author":true,"blog_show_date":true,"show_share_buttons":true}},"blog-template":{"type":"blog-template","settings":{"show_blog_image":true,"enable_parallax":true,"image":"shopify:\/\/shop_images\/waffles-and-fruit-breakfast.jpg","layout":"grid","blog_show_author":true,"blog_show_date":true,"show_comment_count":true}},"contact-page":{"type":"contact-page","settings":{"show_blog_image":true,"enable_parallax":true,"image":"shopify:\/\/shop_images\/waffles-and-fruit-breakfast.jpg"}},"map":{"type":"map","settings":{"imagelogo":"","desktop_logo_size":"30%","address":"<p>123 Fake St.<br>Toronto, Canada<\/p><p>Mon - Fri, 10am - 9pm<br>Saturday, 11am - 9pm<br>Sunday, 11am - 5pm<\/p>","map_address":"80 Spadina Ave, Toronto","button_text":"Get directions","show_pin":true,"api_key":"","background_image":"","background_image_position":"center center"}},"1522671161106":{"type":"slideshow","blocks":{"1522671161106-0":{"type":"image","settings":{"image":"","alignment":"top","title":"Image slide","subheading":"Tell your brand's story through video and images","button_label":"","link":""}},"1522671161106-1":{"type":"image","settings":{"image":"","alignment":"top","title":"Image slide","subheading":"Tell your brand's story through video and images","button_label":"","link":""}}},"block_order":["1522671161106-0","1522671161106-1"],"settings":{"autoplay":true,"autoplay_speed":"5000","slideshow_height":"small","heading_divider":"none"}},"1522671213521":{"type":"rich-text","settings":{"full_width":false,"section_title":"Talk about your brand","text":"<p>Use this text to share information about your brand with your customers. Describe a product, share announcements, or welcome customers to your store.<\/p>","text_size":"medium"}},"1522671286117":{"type":"collection","settings":{"title":"Featured collection","collection":"","grid":4,"rows":2,"show_vendor":false,"show_view_all":false,"full_btn":false,"transparent_btn":false,"mobile_grid":"on_mobile_set_row_two"}},"1522671309651":{"type":"hero","settings":{"image":"","enable_parallax":false,"alignment":"center","text_alignment":"center","title":"Image with text overlay","heading_divider":"none","text":"<p>Use overlay text to give your customers insight into your brand. Select imagery and text that relates to your style and story.<\/p>","hero_size":"medium","text_size":"medium","button_label":"","button_link":"","full_btn":false,"transparent_btn":false,"button_size":"small"}},"1522671482965":{"type":"feature-row","blocks":{"1522671482965-0":{"type":"image_with_text_1","settings":{"image":"","layout":"left","text_alignment":"left","title":"Image with text","text":"<p>Pair large text with an image to give focus to your chosen product, collection, or blog post. Add details on availability, style, or even provide a review.<\/p>","button_label":"","button_link":"","full_btn":false,"transparent_btn":false}},"1522671482965-1":{"type":"image_with_text_1","settings":{"image":"","layout":"right","text_alignment":"left","title":"Image with text","text":"<p>Pair large text with an image to give focus to your chosen product, collection, or blog post. Add details on availability, style, or even provide a review.<\/p>","button_label":"","button_link":"","full_btn":false,"transparent_btn":false}}},"block_order":["1522671482965-0","1522671482965-1"],"settings":{"layout":"full"}},"1522671586612":{"type":"collection-list","blocks":{"1522671586612-0":{"type":"featured_collection","settings":{"collection":"","image":""}},"1522671586612-1":{"type":"featured_collection","settings":{"collection":"","image":""}},"1522671586612-2":{"type":"featured_collection","settings":{"collection":"","image":""}},"1522671586612-3":{"type":"featured_collection","settings":{"collection":"","image":""}}},"block_order":["1522671586612-0","1522671586612-1","1522671586612-2","1522671586612-3"],"settings":{"layout":"full_without_spacing","title":"Collection list","grid":4}},"1522671638827":{"type":"quotes","blocks":{"1522671638827-0":{"type":"quote","settings":{"t_image":"","quote":"<p>Add customer reviews and testimonials to showcase your store’s happy customers.<\/p>","author":"Author's name"}},"1522671638827-1":{"type":"quote","settings":{"t_image":"","quote":"<p>Add customer reviews and testimonials to showcase your store’s happy customers.<\/p>","author":"Author's name"}},"1522671638827-2":{"type":"quote","settings":{"t_image":"","quote":"<p>Add customer reviews and testimonials to showcase your store’s happy customers.<\/p>","author":"Author's name"}}},"block_order":["1522671638827-0","1522671638827-1","1522671638827-2"],"settings":{"title":"Testimonials"}},"1522671769410":{"type":"newsletter","settings":{"section_title":"Subscribe to our newsletter","subheading":"A short sentence describing what someone will receive by subscribing","display_first_name":false,"display_last_name":false,"newsletter_section_text_align":"center","image":"","enable_parallax":false}},"1522671815227":{"type":"instagram","settings":{"instagram_client_id":"","instagram_title":"Instagram","instagram_count":4,"rows":1}},"1522671853847":{"type":"image-bar","blocks":{"1522671853847-0":{"type":"image","settings":{"image":"","alignment":"center","link":"","cta_label":""}},"1522671853847-1":{"type":"image","settings":{"image":"","alignment":"center","link":"","cta_label":""}},"1522671853847-2":{"type":"image","settings":{"image":"","alignment":"center","link":"","cta_label":""}}},"block_order":["1522671853847-0","1522671853847-1","1522671853847-2"],"settings":{"section_height":"medium"}}},"content_for_index":["1522671161106","1522671213521","1522671286117","1522671309651","1522671482965","1522671586612","1522671638827","1522671769410","1522671815227","1522671853847"]}}}