{"current":{"color--accent":"#9554bc","color-text":"#212121","color--alternative":"#ffffff","color-page-bg":"#ffffff","color-panel-bg":"#fcfbfc","color-border":"#e0e0e0","color-button":"#ffffff","color-button-bg":"#212121","color-header-bg":"#ffffff","color-header":"#272727","color-header-cart":"#272727","bg-color--footer":"#9554bc","color--footer":"#212121","color-slider-caption":"#212121","color-slider-caption-bg":"#ffffff","color-slider-button":"#ffffff","color-slider-button-bg":"#212121","color-slider-nav":"#212121","color-tabs-accordions":"#f7f7f7","typography--heading":"montserrat_n4","typography--heading--uppercase":false,"typography--heading--size":"large","typography--accent":"montserrat_n4","typography--paragraph":"montserrat_n4","typography--paragraph--size":"medium","sections":{"header":{"type":"header","settings":{"transparent-menu":false,"header-account-show":true,"cart--icon":"text","header-menu-center":true,"menu":"main-menu","show-currency-selector":true,"show-locale-selector":true,"header-logo-center":true,"logo-height":35}},"framework--footer":{"type":"framework--footer","blocks":{"footer--subscribe":{"type":"subscribe","settings":{"newsletter--heading":"Subscribe","newsletter--info":"<p>Sign up to our emails for offers and new product alerts<\/p>","subscribe--show-newsletter":true}},"footer--about":{"type":"about","settings":{"about-title":"Store","text":"<p>© Your brand name here<\/p>","subscribe--show-social-icons":true}},"footer--menu":{"type":"menu","settings":{"menu-title":"Info","menu":"footer"}}},"block_order":["footer--subscribe","footer--about","footer--menu"],"settings":{"show-currency-selector":true,"show-locale-selector":true,"show-payment-icons":true}},"product":{"type":"product","settings":{"product-breadcrumbs-show":true,"variant-style":"dropdowns","swatches-enabled":false,"smart-payment-button":true,"product-unavailable-form-show":true,"low-in-stock-amount":0,"image-zoom-enabled":true,"loop-enabled":false,"cart-form-position":"left","product-size-chart-enabled":false,"product-size-chart-option":"size","product-size-chart-page-content":"","product-share-show":true,"product-share-twitter":true,"product-share-facebook":true,"product-share-pinterest":true}},"collection":{"type":"collection","settings":{"collections-breadcrumbs-show":true,"collections-tags-show":true,"show-title":false,"collections-products-per-row":"4","mobile-items-per-row":"2"}},"1519177052247":{"type":"slideshow","disabled":true,"blocks":{"1519177052247-0":{"type":"image","settings":{"slide-title":"Slideshow","slide-tagline":"Introduce your store or campaign with this slideshow section.","slide-link-title":"Link to content","slide-y-pos":"middle","slide-x-pos":"left","slide-text-pos":"text-left"}},"1519177052247-1":{"type":"image","settings":{"slide-title":"Slideshow","slide-tagline":"Introduce your store or campaign with this slideshow section.","slide-link-title":"Link to content","slide-y-pos":"middle","slide-x-pos":"left","slide-text-pos":"text-left"}}},"block_order":["1519177052247-0","1519177052247-1"],"settings":{"autoplay":true,"transition_style":"default","rotate-frequency-range":7}},"1519177108222":{"type":"framework--featured-content","settings":{"full-width":true,"background-color":"none","text-position":"bottom","text-width":"small","overlap":false,"transparent-overlap":false,"alternative-color":false,"mobile-overlay":false,"image":"shopify:\/\/shop_images\/banner1.jpg","image-height":"medium","parallax-enabled":false,"apply-overlay":false,"title":"","description":"","link-text":""}},"1519177213210":{"type":"framework--featured-content","settings":{"full-width":true,"background-color":"none","text-position":"center","text-width":"large","overlap":false,"transparent-overlap":false,"alternative-color":false,"mobile-overlay":false,"image":"shopify:\/\/shop_images\/banner2.jpg","image-height":"medium","parallax-enabled":false,"apply-overlay":false,"title":"","description":"","link-text":""}},"announcement":{"type":"announcement","settings":{"enabled":true,"home-page-only":true,"background-color":"accent","alternative-color":false,"text":"Add your announcement message"}},"1605598898e2d908c6":{"type":"framework--image-with-text-below","blocks":{"1605598898e2d908c6-3":{"type":"image","settings":{"image":"shopify:\/\/shop_images\/proud1.jpg","title":"","description":"","link-text":""}},"1605598898e2d908c6-0":{"type":"image","settings":{"image":"shopify:\/\/shop_images\/proud2.jpg","title":"","description":"","link-text":""}},"1605598898e2d908c6-1":{"type":"image","settings":{"image":"shopify:\/\/shop_images\/proud3.jpg","title":"","description":"","link-text":""}},"1605598898e2d908c6-2":{"type":"image","settings":{"image":"shopify:\/\/shop_images\/proud4.jpg","title":"","description":"","link-text":""}}},"block_order":["1605598898e2d908c6-3","1605598898e2d908c6-0","1605598898e2d908c6-1","1605598898e2d908c6-2"],"settings":{"background-color":"accent","spacing":true,"container-width":5,"width":4,"image-width":0,"mobile-width":"2","title":"WE'RE PROUD TO BE...","subtitle":"","link-text":""}},"1615646074a25449f8":{"type":"framework--featured-collections","blocks":{"1615646074a25449f8-0":{"type":"collection","settings":{"collection":"sleek-hail-co-1"}},"1615646074a25449f8-1":{"type":"collection","settings":{"collection":"frontpage"}}},"block_order":["1615646074a25449f8-0","1615646074a25449f8-1"],"settings":{"background-color":"none","width":2,"mobile-width":"1","heading":""}},"16156468329ae1c889":{"type":"judgeme_carousel_section","settings":{"maxwidth":1920}},"16156561872227c9c2":{"type":"framework--image-with-text-below","blocks":{"16156561872227c9c2-0":{"type":"image","settings":{"image":"shopify:\/\/shop_images\/strategits1.jpg","title":"","description":"","link-text":""}},"16156561872227c9c2-1":{"type":"image","settings":{"image":"shopify:\/\/shop_images\/strategits2.jpg","title":"","description":"","link-text":""}},"16156561872227c9c2-2":{"type":"image","settings":{"image":"shopify:\/\/shop_images\/strategits3.jpg","title":"","description":"","link-text":""}}},"block_order":["16156561872227c9c2-0","16156561872227c9c2-1","16156561872227c9c2-2"],"settings":{"background-color":"none","spacing":true,"container-width":2,"width":3,"image-width":0,"mobile-width":"2","title":"FEATURED IN","subtitle":"","link-text":""}}},"content_for_index":["1519177108222","1615646074a25449f8","1605598898e2d908c6","16156561872227c9c2","1519177213210","1519177052247","16156468329ae1c889"]},"presets":{"Beauty":{"color--accent":"#ffd7d7","color-text":"#212121","color--alternative":"#ffffff","color-page-bg":"#ffffff","color-panel-bg":"#fcfbfc","color-border":"#e0e0e0","color-button":"#ffffff","color-button-bg":"#212121","color-header-bg":"#ffeff0","color-header":"#212121","color-header-cart":"#272727","bg-color--footer":"#ffeff0","color--footer":"#212121","color-slider-caption":"#212121","color-slider-caption-bg":"#ffffff","color-slider-button":"#ffffff","color-slider-button-bg":"#212121","color-slider-nav":"#212121","color-tabs-accordions":"#f7f7f7","typography--heading":"roboto_n5","typography--heading--uppercase":false,"typography--heading--size":"small","typography--accent":"karla_n4","typography--paragraph":"roboto_n4","typography--paragraph--size":"medium","sections":{"header":{"type":"header","settings":{"transparent-menu":false,"header-account-show":true,"cart--icon":"text","header-menu-center":true,"menu":"main-menu","show-currency-selector":true,"show-locale-selector":true,"header-logo-center":true,"logo-height":35}},"framework--footer":{"type":"framework--footer","blocks":{"footer--about":{"type":"about","settings":{"about-title":"Store","text":"<p>© Your brand name here<\/p>","subscribe--show-social-icons":true}},"footer--menu":{"type":"menu","settings":{"menu-title":"Info","menu":"footer"}},"footer--subscribe":{"type":"subscribe","settings":{"newsletter--heading":"Subscribe","newsletter--info":"<p>Sign up to our mailing list<\/p>","subscribe--show-newsletter":true}}},"block_order":["footer--about","footer--menu","footer--subscribe"],"settings":{"show-currency-selector":true,"show-locale-selector":true,"show-payment-icons":true}},"product":{"type":"product","settings":{"product-breadcrumbs-show":true,"variant-style":"dropdowns","swatches-enabled":false,"smart-payment-button":true,"product-unavailable-form-show":true,"low-in-stock-amount":0,"image-zoom-enabled":true,"loop-enabled":false,"cart-form-position":"left","product-size-chart-enabled":false,"product-size-chart-option":"size","product-size-chart-page-content":"","product-share-show":true,"product-share-twitter":true,"product-share-facebook":true,"product-share-pinterest":true}},"collection":{"type":"collection","settings":{"collections-breadcrumbs-show":true,"collections-tags-show":true,"show-title":false,"collections-products-per-row":"4","mobile-items-per-row":"2"}},"1519177052247":{"type":"slideshow","blocks":{"1519177052247-0":{"type":"image","settings":{"slide-title":"Slideshow","slide-tagline":"Introduce your store or campaign with this slideshow section.","slide-link-title":"Link to content","slide-y-pos":"middle","slide-x-pos":"left","slide-text-pos":"text-left"}},"1519177052247-1":{"type":"image","settings":{"slide-title":"Slideshow","slide-tagline":"Introduce your store or campaign with this slideshow section.","slide-link-title":"Link to content","slide-y-pos":"middle","slide-x-pos":"left","slide-text-pos":"text-left"}}},"block_order":["1519177052247-0","1519177052247-1"],"settings":{"autoplay":true,"transition_style":"default","rotate-frequency-range":7}},"1519177108222":{"type":"framework--featured-content","settings":{"full-width":true,"background-color":"accent","text-position":"right","text-width":"small","overlap":false,"transparent-overlap":false,"alternative-color":false,"mobile-overlay":true,"image-height":"medium","parallax-enabled":false,"apply-overlay":false,"title":"Image with Text","description":"<p>Use a combination of image and text to share information about your brand with your customers. Describe a product, share announcements, or welcome customers to your store<\/p>","link-text":""}},"1519177181912":{"type":"featured-collection","settings":{"background-color":"none","home-product-slider-collection":"","max_products":12}},"1519177213210":{"type":"framework--featured-content","settings":{"full-width":true,"background-color":"light","text-position":"center","text-width":"large","overlap":true,"transparent-overlap":true,"alternative-color":true,"mobile-overlay":true,"image-height":"medium","parallax-enabled":false,"apply-overlay":true,"title":"Image with Text","description":"<p>Use a combination of image and text to share information about your brand with your customers. Describe a product, share announcements, or welcome customers to your store<\/p>","link-text":""}},"1519177316120":{"type":"framework--newsletter","settings":{"background-color":"none","heading":"Subscribe to our newsletter","newsletter--subheading":"<p>A short sentence describing what someone will receive by subscribing<\/p>"}},"1521155965634":{"type":"framework--featured-text","settings":{"background-color":"none","heading":"Talk about your brand","text":"<p>Use this text to share information about your brand with your customers. Describe a product, share announcements, or welcome customers to your store.<\/p>"}},"1521155972652":{"type":"framework--featured-video","settings":{"video-url":"","full-width":true,"background-color":"light","section-height":"regular","darken-video":true,"alt-text":true,"heading":"","sub-heading":"Add a subheading here","button-text":"button"}},"1521155992953":{"type":"framework--map","settings":{"api-key":"","map-address":"391 Sutter St, San Francisco","background-color":"light","theme":"grayscale","heading":"Map","address":"<p>391 Sutter St,<br\/>San Francisco<br\/>CA 94108, USA<br\/><br\/>(555) 555-5555<\/p>","hours":"<p>Monday - Friday<br\/>10am - 6pm<br\/><br\/>Saturday - Sunday<br\/>12pm - 5pm<\/p>"}},"1521156071253":{"type":"framework--featured-content","settings":{"full-width":false,"background-color":"light","text-position":"left","text-width":"small","overlap":true,"transparent-overlap":false,"alternative-color":false,"mobile-overlay":true,"image-height":"medium","parallax-enabled":false,"apply-overlay":true,"title":"Image with Text","description":"<p>Use a combination of image and text to share information about your brand with your customers. Describe a product, share announcements, or welcome customers to your store<\/p>","link-text":""}},"announcement":{"type":"announcement","settings":{"enabled":true,"home-page-only":true,"background-color":"accent","alternative-color":false,"text":"Add your announcement message"}},"1599542427196":{"type":"framework--featured-blog","settings":{"background-color":"none","blog-heading":"Blog posts","blog":"news","tag-select":"pinned","show-date":true,"show-excerpt":true,"view-more-text":"View more"}},"1605598890c8501c96":{"type":"framework--image-text-overlay","blocks":{"1605598890c8501c96-0":{"type":"image","settings":{"wide":true,"tall":true,"retain-ratio":false,"title":"Grid image","link-text":"View more"}},"1605598890c8501c96-1":{"type":"image","settings":{"wide":true,"tall":false,"retain-ratio":false,"title":"Grid image","link-text":"View more"}},"1605598890c8501c96-2":{"type":"image","settings":{"wide":false,"tall":false,"retain-ratio":false,"title":"Grid image","link-text":"View more"}},"1605598890c8501c96-3":{"type":"image","settings":{"wide":false,"tall":false,"retain-ratio":false,"title":"Grid image","link-text":"View more"}}},"block_order":["1605598890c8501c96-0","1605598890c8501c96-1","1605598890c8501c96-2","1605598890c8501c96-3"],"settings":{"text-style":"light-with-overlay","background-color":"none","spacing":true,"container-width":4,"width":4,"mobile-width":"2","title":"Grid with overlay","subtitle":"","link-text":""}},"1605598898e2d908c6":{"type":"framework--image-with-text-below","blocks":{"1605598898e2d908c6-0":{"type":"image","settings":{"title":"Grid image","description":"<p>Add your description text here<\/p>","link-text":"View more"}},"1605598898e2d908c6-1":{"type":"image","settings":{"title":"Grid image","description":"<p>Add your description text here<\/p>","link-text":"View more"}},"1605598898e2d908c6-2":{"type":"image","settings":{"title":"Grid image","description":"<p>Add your description text here<\/p>","link-text":"View more"}},"1605598898e2d908c6-3":{"type":"image","settings":{"title":"Grid image","description":"<p>Add your description text here<\/p>","link-text":"View more"}}},"block_order":["1605598898e2d908c6-0","1605598898e2d908c6-1","1605598898e2d908c6-2","1605598898e2d908c6-3"],"settings":{"background-color":"light","spacing":true,"container-width":4,"width":4,"image-width":0,"mobile-width":"2","title":"Grid with text below","subtitle":"","link-text":""}}},"content_for_index":["1519177052247","1519177181912","1519177108222","1605598890c8501c96","1519177213210","1605598898e2d908c6","1521155965634","1521155972652","1521156071253","1599542427196","1521155992953","1519177316120"]},"Adorn":{"color--accent":"#f7f2f2","color-text":"#212121","color--alternative":"#ffffff","color-page-bg":"#ffffff","color-panel-bg":"#f7f7f7","color-border":"#e0e0e0","color-button":"#ffffff","color-button-bg":"#212121","color-header-bg":"#ffffff","color-header":"#212121","color-header-cart":"#212121","bg-color--footer":"#f7f2f2","color--footer":"#212121","color-slider-caption":"#212121","color-slider-caption-bg":"#ffffff","color-slider-button":"#ffffff","color-slider-button-bg":"#212121","color-slider-nav":"#212121","color-tabs-accordions":"#e0e0e0","typography--heading":"itc_caslon_no_224_n4","typography--heading--uppercase":false,"typography--heading--size":"large","typography--accent":"avenir_next_n4","typography--paragraph":"avenir_next_n4","typography--paragraph--size":"medium","sections":{"header":{"type":"header","settings":{"transparent-menu":false,"header-account-show":true,"cart--icon":"text","header-menu-center":true,"menu":"main-menu","show-currency-selector":true,"show-locale-selector":true,"header-logo-center":true,"logo-height":35}},"framework--footer":{"type":"framework--footer","blocks":{"footer--about":{"type":"about","settings":{"about-title":"Store","text":"<p>© Your brand name here<\/p>","subscribe--show-social-icons":true}},"footer--menu":{"type":"menu","settings":{"menu-title":"Info","menu":"footer"}},"footer--subscribe":{"type":"subscribe","settings":{"newsletter--heading":"Subscribe","newsletter--info":"<p>Sign up to our mailing list<\/p>","subscribe--show-newsletter":true}}},"block_order":["footer--about","footer--menu","footer--subscribe"],"settings":{"show-currency-selector":true,"show-locale-selector":true,"show-payment-icons":true}},"product":{"type":"product","settings":{"product-breadcrumbs-show":true,"variant-style":"dropdowns","swatches-enabled":false,"smart-payment-button":true,"product-unavailable-form-show":true,"low-in-stock-amount":0,"image-zoom-enabled":true,"loop-enabled":false,"cart-form-position":"left","product-size-chart-enabled":false,"product-size-chart-option":"size","product-size-chart-page-content":"","product-share-show":true,"product-share-twitter":true,"product-share-facebook":true,"product-share-pinterest":true}},"collection":{"type":"collection","settings":{"collections-breadcrumbs-show":true,"collections-tags-show":true,"show-title":false,"collections-products-per-row":"4","mobile-items-per-row":"2"}},"1519177052247":{"type":"slideshow","blocks":{"1519177052247-0":{"type":"image","settings":{"slide-title":"Slideshow","slide-tagline":"Introduce your store or campaign with this slideshow section.","slide-link-title":"Link to content","slide-y-pos":"middle","slide-x-pos":"left","slide-text-pos":"text-left"}},"1519177052247-1":{"type":"image","settings":{"slide-title":"Slideshow","slide-tagline":"Introduce your store or campaign with this slideshow section.","slide-link-title":"Link to content","slide-y-pos":"middle","slide-x-pos":"left","slide-text-pos":"text-left"}}},"block_order":["1519177052247-0","1519177052247-1"],"settings":{"autoplay":true,"transition_style":"default","rotate-frequency-range":7}},"1519177108222":{"type":"framework--featured-content","settings":{"full-width":true,"background-color":"accent","text-position":"right","text-width":"small","overlap":false,"transparent-overlap":false,"alternative-color":false,"mobile-overlay":true,"image-height":"medium","parallax-enabled":false,"apply-overlay":false,"title":"Image with Text","description":"<p>Use a combination of image and text to share information about your brand with your customers. Describe a product, share announcements, or welcome customers to your store<\/p>","link-text":""}},"1519177181912":{"type":"featured-collection","settings":{"background-color":"none","home-product-slider-collection":"","max_products":12}},"1519177213210":{"type":"framework--featured-content","settings":{"full-width":true,"background-color":"light","text-position":"center","text-width":"large","overlap":true,"transparent-overlap":true,"alternative-color":true,"mobile-overlay":true,"image-height":"medium","parallax-enabled":false,"apply-overlay":true,"title":"Image with Text","description":"<p>Use a combination of image and text to share information about your brand with your customers. Describe a product, share announcements, or welcome customers to your store<\/p>","link-text":""}},"1519177316120":{"type":"framework--newsletter","settings":{"background-color":"none","heading":"Subscribe to our newsletter","newsletter--subheading":"<p>A short sentence describing what someone will receive by subscribing<\/p>"}},"1521155965634":{"type":"framework--featured-text","settings":{"background-color":"none","heading":"Talk about your brand","text":"<p>Use this text to share information about your brand with your customers. Describe a product, share announcements, or welcome customers to your store.<\/p>"}},"1521155972652":{"type":"framework--featured-video","settings":{"video-url":"","full-width":true,"background-color":"light","section-height":"regular","darken-video":true,"alt-text":true,"heading":"","sub-heading":"Add a subheading here","button-text":"button"}},"1521155992953":{"type":"framework--map","settings":{"api-key":"","map-address":"391 Sutter St, San Francisco","background-color":"light","theme":"grayscale","heading":"Map","address":"<p>391 Sutter St,<br\/>San Francisco<br\/>CA 94108, USA<br\/><br\/>(555) 555-5555<\/p>","hours":"<p>Monday - Friday<br\/>10am - 6pm<br\/><br\/>Saturday - Sunday<br\/>12pm - 5pm<\/p>"}},"1521156071253":{"type":"framework--featured-content","settings":{"full-width":false,"background-color":"light","text-position":"left","text-width":"small","overlap":true,"transparent-overlap":false,"alternative-color":false,"mobile-overlay":true,"image-height":"medium","parallax-enabled":false,"apply-overlay":true,"title":"Image with Text","description":"<p>Use a combination of image and text to share information about your brand with your customers. Describe a product, share announcements, or welcome customers to your store<\/p>","link-text":""}},"announcement":{"type":"announcement","settings":{"enabled":true,"home-page-only":true,"background-color":"accent","alternative-color":false,"text":"Add your announcement message"}},"1599542427196":{"type":"framework--featured-blog","settings":{"background-color":"none","blog-heading":"Blog posts","blog":"news","tag-select":"pinned","show-date":true,"show-excerpt":true,"view-more-text":"View more"}},"1605598890c8501c96":{"type":"framework--image-text-overlay","blocks":{"1605598890c8501c96-0":{"type":"image","settings":{"wide":true,"tall":true,"retain-ratio":false,"title":"Grid image","link-text":"View more"}},"1605598890c8501c96-1":{"type":"image","settings":{"wide":true,"tall":false,"retain-ratio":false,"title":"Grid image","link-text":"View more"}},"1605598890c8501c96-2":{"type":"image","settings":{"wide":false,"tall":false,"retain-ratio":false,"title":"Grid image","link-text":"View more"}},"1605598890c8501c96-3":{"type":"image","settings":{"wide":false,"tall":false,"retain-ratio":false,"title":"Grid image","link-text":"View more"}}},"block_order":["1605598890c8501c96-0","1605598890c8501c96-1","1605598890c8501c96-2","1605598890c8501c96-3"],"settings":{"text-style":"light-with-overlay","background-color":"none","spacing":true,"container-width":4,"width":4,"mobile-width":"2","title":"Grid with overlay","subtitle":"","link-text":""}},"1605598898e2d908c6":{"type":"framework--image-with-text-below","blocks":{"1605598898e2d908c6-0":{"type":"image","settings":{"title":"Grid image","description":"<p>Add your description text here<\/p>","link-text":"View more"}},"1605598898e2d908c6-1":{"type":"image","settings":{"title":"Grid image","description":"<p>Add your description text here<\/p>","link-text":"View more"}},"1605598898e2d908c6-2":{"type":"image","settings":{"title":"Grid image","description":"<p>Add your description text here<\/p>","link-text":"View more"}},"1605598898e2d908c6-3":{"type":"image","settings":{"title":"Grid image","description":"<p>Add your description text here<\/p>","link-text":"View more"}}},"block_order":["1605598898e2d908c6-0","1605598898e2d908c6-1","1605598898e2d908c6-2","1605598898e2d908c6-3"],"settings":{"background-color":"light","spacing":true,"container-width":4,"width":4,"image-width":0,"mobile-width":"2","title":"Grid with text below","subtitle":"","link-text":""}}},"content_for_index":["1519177052247","1519177181912","1519177108222","1605598890c8501c96","1519177213210","1605598898e2d908c6","1521155965634","1521155972652","1521156071253","1599542427196","1521155992953","1519177316120"]},"Summer":{"color--accent":"#ffe0c8","color-text":"#212121","color--alternative":"#ffffff","color-page-bg":"#ffffff","color-panel-bg":"#f7f7f7","color-border":"#e0e0e0","color-button":"#ffffff","color-button-bg":"#212121","color-header-bg":"#f7f7f7","color-header":"#212121","color-header-cart":"#212121","bg-color--footer":"#f7f7f7","color--footer":"#212121","color-slider-caption":"#212121","color-slider-caption-bg":"#ffffff","color-slider-button":"#ffffff","color-slider-button-bg":"#212121","color-slider-nav":"#212121","color-tabs-accordions":"#e0e0e0","typography--heading":"gill_sans_nova_n4","typography--heading--uppercase":false,"typography--heading--size":"small","typography--accent":"gill_sans_nova_n4","typography--paragraph":"gill_sans_nova_n4","typography--paragraph--size":"medium","sections":{"header":{"type":"header","settings":{"transparent-menu":false,"header-account-show":true,"cart--icon":"text","header-menu-center":true,"menu":"main-menu","show-currency-selector":true,"show-locale-selector":true,"header-logo-center":true,"logo-height":35}},"framework--footer":{"type":"framework--footer","blocks":{"footer--about":{"type":"about","settings":{"about-title":"Store","text":"<p>© Your brand name here<\/p>","subscribe--show-social-icons":true}},"footer--menu":{"type":"menu","settings":{"menu-title":"Info","menu":"footer"}},"footer--subscribe":{"type":"subscribe","settings":{"newsletter--heading":"Subscribe","newsletter--info":"<p>Sign up to our mailing list<\/p>","subscribe--show-newsletter":true}}},"block_order":["footer--about","footer--menu","footer--subscribe"],"settings":{"show-currency-selector":true,"show-locale-selector":true,"show-payment-icons":true}},"product":{"type":"product","settings":{"product-breadcrumbs-show":true,"variant-style":"dropdowns","swatches-enabled":false,"smart-payment-button":true,"product-unavailable-form-show":true,"low-in-stock-amount":0,"image-zoom-enabled":true,"loop-enabled":false,"cart-form-position":"left","product-size-chart-enabled":false,"product-size-chart-option":"size","product-size-chart-page-content":"","product-share-show":true,"product-share-twitter":true,"product-share-facebook":true,"product-share-pinterest":true}},"collection":{"type":"collection","settings":{"collections-breadcrumbs-show":true,"collections-tags-show":true,"show-title":false,"collections-products-per-row":"4","mobile-items-per-row":"2"}},"1519177052247":{"type":"slideshow","blocks":{"1519177052247-0":{"type":"image","settings":{"slide-title":"Slideshow","slide-tagline":"Introduce your store or campaign with this slideshow section.","slide-link-title":"Link to content","slide-y-pos":"middle","slide-x-pos":"left","slide-text-pos":"text-left"}},"1519177052247-1":{"type":"image","settings":{"slide-title":"Slideshow","slide-tagline":"Introduce your store or campaign with this slideshow section.","slide-link-title":"Link to content","slide-y-pos":"middle","slide-x-pos":"left","slide-text-pos":"text-left"}}},"block_order":["1519177052247-0","1519177052247-1"],"settings":{"autoplay":true,"transition_style":"default","rotate-frequency-range":7}},"1519177108222":{"type":"framework--featured-content","settings":{"full-width":true,"background-color":"accent","text-position":"right","text-width":"small","overlap":false,"transparent-overlap":false,"alternative-color":false,"mobile-overlay":true,"image-height":"medium","parallax-enabled":false,"apply-overlay":false,"title":"Image with Text","description":"<p>Use a combination of image and text to share information about your brand with your customers. Describe a product, share announcements, or welcome customers to your store<\/p>","link-text":""}},"1519177181912":{"type":"featured-collection","settings":{"background-color":"none","home-product-slider-collection":"","max_products":12}},"1519177213210":{"type":"framework--featured-content","settings":{"full-width":true,"background-color":"light","text-position":"center","text-width":"large","overlap":true,"transparent-overlap":true,"alternative-color":true,"mobile-overlay":true,"image-height":"medium","parallax-enabled":false,"apply-overlay":true,"title":"Image with Text","description":"<p>Use a combination of image and text to share information about your brand with your customers. Describe a product, share announcements, or welcome customers to your store<\/p>","link-text":""}},"1519177316120":{"type":"framework--newsletter","settings":{"background-color":"none","heading":"Subscribe to our newsletter","newsletter--subheading":"<p>A short sentence describing what someone will receive by subscribing<\/p>"}},"1521155965634":{"type":"framework--featured-text","settings":{"background-color":"none","heading":"Talk about your brand","text":"<p>Use this text to share information about your brand with your customers. Describe a product, share announcements, or welcome customers to your store.<\/p>"}},"1521155972652":{"type":"framework--featured-video","settings":{"video-url":"","full-width":true,"background-color":"light","section-height":"regular","darken-video":true,"alt-text":true,"heading":"","sub-heading":"Add a subheading here","button-text":"button"}},"1521155992953":{"type":"framework--map","settings":{"api-key":"","map-address":"391 Sutter St, San Francisco","background-color":"light","theme":"grayscale","heading":"Map","address":"<p>391 Sutter St,<br\/>San Francisco<br\/>CA 94108, USA<br\/><br\/>(555) 555-5555<\/p>","hours":"<p>Monday - Friday<br\/>10am - 6pm<br\/><br\/>Saturday - Sunday<br\/>12pm - 5pm<\/p>"}},"1521156071253":{"type":"framework--featured-content","settings":{"full-width":false,"background-color":"light","text-position":"left","text-width":"small","overlap":true,"transparent-overlap":false,"alternative-color":false,"mobile-overlay":true,"image-height":"medium","parallax-enabled":false,"apply-overlay":true,"title":"Image with Text","description":"<p>Use a combination of image and text to share information about your brand with your customers. Describe a product, share announcements, or welcome customers to your store<\/p>","link-text":""}},"announcement":{"type":"announcement","settings":{"enabled":true,"home-page-only":true,"background-color":"accent","alternative-color":false,"text":"Add your announcement message"}},"1599542427196":{"type":"framework--featured-blog","settings":{"background-color":"none","blog-heading":"Blog posts","blog":"news","tag-select":"pinned","show-date":true,"show-excerpt":true,"view-more-text":"View more"}},"1605598890c8501c96":{"type":"framework--image-text-overlay","blocks":{"1605598890c8501c96-0":{"type":"image","settings":{"wide":true,"tall":true,"retain-ratio":false,"title":"Grid image","link-text":"View more"}},"1605598890c8501c96-1":{"type":"image","settings":{"wide":true,"tall":false,"retain-ratio":false,"title":"Grid image","link-text":"View more"}},"1605598890c8501c96-2":{"type":"image","settings":{"wide":false,"tall":false,"retain-ratio":false,"title":"Grid image","link-text":"View more"}},"1605598890c8501c96-3":{"type":"image","settings":{"wide":false,"tall":false,"retain-ratio":false,"title":"Grid image","link-text":"View more"}}},"block_order":["1605598890c8501c96-0","1605598890c8501c96-1","1605598890c8501c96-2","1605598890c8501c96-3"],"settings":{"text-style":"light-with-overlay","background-color":"none","spacing":true,"container-width":4,"width":4,"mobile-width":"2","title":"Grid with overlay","subtitle":"","link-text":""}},"1605598898e2d908c6":{"type":"framework--image-with-text-below","blocks":{"1605598898e2d908c6-0":{"type":"image","settings":{"title":"Grid image","description":"<p>Add your description text here<\/p>","link-text":"View more"}},"1605598898e2d908c6-1":{"type":"image","settings":{"title":"Grid image","description":"<p>Add your description text here<\/p>","link-text":"View more"}},"1605598898e2d908c6-2":{"type":"image","settings":{"title":"Grid image","description":"<p>Add your description text here<\/p>","link-text":"View more"}},"1605598898e2d908c6-3":{"type":"image","settings":{"title":"Grid image","description":"<p>Add your description text here<\/p>","link-text":"View more"}}},"block_order":["1605598898e2d908c6-0","1605598898e2d908c6-1","1605598898e2d908c6-2","1605598898e2d908c6-3"],"settings":{"background-color":"light","spacing":true,"container-width":4,"width":4,"image-width":0,"mobile-width":"2","title":"Grid with text below","subtitle":"","link-text":""}}},"content_for_index":["1519177052247","1519177181912","1519177108222","1605598890c8501c96","1519177213210","1605598898e2d908c6","1521155965634","1521155972652","1521156071253","1599542427196","1521155992953","1519177316120"]},"Deli":{"color--accent":"#fb8a68","color-text":"#212121","color--alternative":"#ffffff","color-page-bg":"#ffffff","color-panel-bg":"#f7f7f7","color-border":"#e0e0e0","color-button":"#ffffff","color-button-bg":"#212121","color-header-bg":"#fafafa","color-header":"#212121","color-header-cart":"#212121","bg-color--footer":"#f7f7f7","color--footer":"#212121","color-slider-caption":"#212121","color-slider-caption-bg":"#ffffff","color-slider-button":"#ffffff","color-slider-button-bg":"#212121","color-slider-nav":"#212121","color-tabs-accordions":"#e0e0e0","typography--heading":"futura_n4","typography--heading--uppercase":false,"typography--heading--size":"medium","typography--accent":"karla_n4","typography--paragraph":"karla_n4","typography--paragraph--size":"medium","sections":{"header":{"type":"header","settings":{"transparent-menu":false,"header-account-show":true,"cart--icon":"text","header-menu-center":true,"menu":"main-menu","show-currency-selector":true,"show-locale-selector":true,"header-logo-center":true,"logo-height":35}},"framework--footer":{"type":"framework--footer","blocks":{"footer--about":{"type":"about","settings":{"about-title":"Store","text":"<p>© Your brand name here<\/p>","subscribe--show-social-icons":true}},"footer--menu":{"type":"menu","settings":{"menu-title":"Info","menu":"footer"}},"footer--subscribe":{"type":"subscribe","settings":{"newsletter--heading":"Subscribe","newsletter--info":"<p>Sign up to our mailing list<\/p>","subscribe--show-newsletter":true}}},"block_order":["footer--about","footer--menu","footer--subscribe"],"settings":{"show-currency-selector":true,"show-locale-selector":true,"show-payment-icons":true}},"product":{"type":"product","settings":{"product-breadcrumbs-show":true,"variant-style":"dropdowns","swatches-enabled":false,"smart-payment-button":true,"product-unavailable-form-show":true,"low-in-stock-amount":0,"image-zoom-enabled":true,"loop-enabled":false,"cart-form-position":"left","product-size-chart-enabled":false,"product-size-chart-option":"size","product-size-chart-page-content":"","product-share-show":true,"product-share-twitter":true,"product-share-facebook":true,"product-share-pinterest":true}},"collection":{"type":"collection","settings":{"collections-breadcrumbs-show":true,"collections-tags-show":true,"show-title":false,"collections-products-per-row":"4","mobile-items-per-row":"2"}},"1519177052247":{"type":"slideshow","blocks":{"1519177052247-0":{"type":"image","settings":{"slide-title":"Slideshow","slide-tagline":"Introduce your store or campaign with this slideshow section.","slide-link-title":"Link to content","slide-y-pos":"middle","slide-x-pos":"left","slide-text-pos":"text-left"}},"1519177052247-1":{"type":"image","settings":{"slide-title":"Slideshow","slide-tagline":"Introduce your store or campaign with this slideshow section.","slide-link-title":"Link to content","slide-y-pos":"middle","slide-x-pos":"left","slide-text-pos":"text-left"}}},"block_order":["1519177052247-0","1519177052247-1"],"settings":{"autoplay":true,"transition_style":"default","rotate-frequency-range":7}},"1519177108222":{"type":"framework--featured-content","settings":{"full-width":true,"background-color":"accent","text-position":"right","text-width":"small","overlap":false,"transparent-overlap":false,"alternative-color":true,"mobile-overlay":true,"image-height":"medium","parallax-enabled":false,"apply-overlay":false,"title":"Image with Text","description":"<p>Use a combination of image and text to share information about your brand with your customers. Describe a product, share announcements, or welcome customers to your store<\/p>","link-text":""}},"1519177181912":{"type":"featured-collection","settings":{"background-color":"none","home-product-slider-collection":"","max_products":12}},"1519177213210":{"type":"framework--featured-content","settings":{"full-width":true,"background-color":"light","text-position":"center","text-width":"large","overlap":true,"transparent-overlap":true,"alternative-color":true,"mobile-overlay":true,"image-height":"medium","parallax-enabled":false,"apply-overlay":true,"title":"Image with Text","description":"<p>Use a combination of image and text to share information about your brand with your customers. Describe a product, share announcements, or welcome customers to your store<\/p>","link-text":""}},"1519177316120":{"type":"framework--newsletter","settings":{"background-color":"none","heading":"Subscribe to our newsletter","newsletter--subheading":"<p>A short sentence describing what someone will receive by subscribing<\/p>"}},"1521155965634":{"type":"framework--featured-text","settings":{"background-color":"none","heading":"Talk about your brand","text":"<p>Use this text to share information about your brand with your customers. Describe a product, share announcements, or welcome customers to your store.<\/p>"}},"1521155972652":{"type":"framework--featured-video","settings":{"video-url":"","full-width":true,"background-color":"light","section-height":"regular","darken-video":true,"alt-text":true,"heading":"","sub-heading":"Add a subheading here","button-text":"button"}},"1521155992953":{"type":"framework--map","settings":{"api-key":"","map-address":"391 Sutter St, San Francisco","background-color":"light","theme":"grayscale","heading":"Map","address":"<p>391 Sutter St,<br\/>San Francisco<br\/>CA 94108, USA<br\/><br\/>(555) 555-5555<\/p>","hours":"<p>Monday - Friday<br\/>10am - 6pm<br\/><br\/>Saturday - Sunday<br\/>12pm - 5pm<\/p>"}},"1521156071253":{"type":"framework--featured-content","settings":{"full-width":false,"background-color":"light","text-position":"left","text-width":"small","overlap":true,"transparent-overlap":false,"alternative-color":false,"mobile-overlay":true,"image-height":"medium","parallax-enabled":false,"apply-overlay":true,"title":"Image with Text","description":"<p>Use a combination of image and text to share information about your brand with your customers. Describe a product, share announcements, or welcome customers to your store<\/p>","link-text":""}},"announcement":{"type":"announcement","settings":{"enabled":true,"home-page-only":true,"background-color":"accent","alternative-color":true,"text":"Add your announcement message"}},"1599542427196":{"type":"framework--featured-blog","settings":{"background-color":"none","blog-heading":"Blog posts","blog":"news","tag-select":"pinned","show-date":true,"show-excerpt":true,"view-more-text":"View more"}},"1605598890c8501c96":{"type":"framework--image-text-overlay","blocks":{"1605598890c8501c96-0":{"type":"image","settings":{"wide":true,"tall":true,"retain-ratio":false,"title":"Grid image","link-text":"View more"}},"1605598890c8501c96-1":{"type":"image","settings":{"wide":true,"tall":false,"retain-ratio":false,"title":"Grid image","link-text":"View more"}},"1605598890c8501c96-2":{"type":"image","settings":{"wide":false,"tall":false,"retain-ratio":false,"title":"Grid image","link-text":"View more"}},"1605598890c8501c96-3":{"type":"image","settings":{"wide":false,"tall":false,"retain-ratio":false,"title":"Grid image","link-text":"View more"}}},"block_order":["1605598890c8501c96-0","1605598890c8501c96-1","1605598890c8501c96-2","1605598890c8501c96-3"],"settings":{"text-style":"light-with-overlay","background-color":"none","spacing":true,"container-width":4,"width":4,"mobile-width":"2","title":"Grid with overlay","subtitle":"","link-text":""}},"1605598898e2d908c6":{"type":"framework--image-with-text-below","blocks":{"1605598898e2d908c6-0":{"type":"image","settings":{"title":"Grid image","description":"<p>Add your description text here<\/p>","link-text":"View more"}},"1605598898e2d908c6-1":{"type":"image","settings":{"title":"Grid image","description":"<p>Add your description text here<\/p>","link-text":"View more"}},"1605598898e2d908c6-2":{"type":"image","settings":{"title":"Grid image","description":"<p>Add your description text here<\/p>","link-text":"View more"}},"1605598898e2d908c6-3":{"type":"image","settings":{"title":"Grid image","description":"<p>Add your description text here<\/p>","link-text":"View more"}}},"block_order":["1605598898e2d908c6-0","1605598898e2d908c6-1","1605598898e2d908c6-2","1605598898e2d908c6-3"],"settings":{"background-color":"light","spacing":true,"container-width":4,"width":4,"image-width":0,"mobile-width":"2","title":"Grid with text below","subtitle":"","link-text":""}}},"content_for_index":["1519177052247","1519177181912","1519177108222","1605598890c8501c96","1519177213210","1605598898e2d908c6","1521155965634","1521155972652","1521156071253","1599542427196","1521155992953","1519177316120"]}}}